university,group_code,reason
北京大学,206,无专业组映射
北京大学,205,无专业组映射
中国人民大学,206,无专业组映射
中国人民大学,207,无专业组映射
中国人民大学,205,无专业组映射
中国人民大学,208,无专业组映射
清华大学,204,无专业组映射
清华大学,203,无专业组映射
北京交通大学,208,无专业组映射
北京交通大学,212,无专业组映射
北京交通大学,213,无专业组映射
北京交通大学,205,无专业组映射
北京交通大学,207,无专业组映射
北京交通大学(中外合作办学),209,无专业组映射
北京交通大学(中外合作办学),210,无专业组映射
北京交通大学(中外合作办学),211,无专业组映射
北京工业大学,205,无专业组映射
北京航空航天大学(中外合作办学),210,无专业组映射
北京理工大学,205,无专业组映射
北京理工大学,204,无专业组映射
北京理工大学(中外合作办学),206,无专业组映射
北京科技大学,212,无专业组映射
北京科技大学,213,无专业组映射
北京科技大学,214,无专业组映射
北京科技大学,209,无专业组映射
北京化工大学,208,无专业组映射
北京化工大学,209,无专业组映射
北京化工大学,"育
212",无专业组映射
北京化工大学(中外合作办学),210,无专业组映射
北京化工大学(中外合作办学),211,无专业组映射
北京工商大学,204,无专业组映射
北京工商大学,205,无专业组映射
北京服装学院,207,无专业组映射
北京服装学院,209,无专业组映射
北京服装学院,206,无专业组映射
"教
北京服装学院",208,无专业组映射
北京邮电大学,204,无专业组映射
北京邮电大学(中外合作办学),205,无专业组映射
北京邮电大学(中外合作办学),207,无专业组映射
"省
北京邮电大学",206,无专业组映射
北京印刷学院,206,无专业组映射
北京印刷学院,207,无专业组映射
北京印刷学院,205,无专业组映射
"东
北京建筑大学",203,无专业组映射
北京建筑大学,204,无专业组映射
北京石油化工学院,203,无专业组映射
北京石油化工学院,204,无专业组映射
"广
中国农业大学(中外合作办学)",207,无专业组映射
中国农业大学,208,无专业组映射
中国农业大学,210,无专业组映射
中国农业大学,205,无专业组映射
中国农业大学,209,无专业组映射
北京林业大学,226,无专业组映射
北京林业大学,227,无专业组映射
北京林业大学,230,无专业组映射
北京林业大学,231,无专业组映射
北京林业大学,233,无专业组映射
北京林业大学,234,无专业组映射
北京林业大学,237,无专业组映射
北京林业大学,238,无专业组映射
北京林业大学,220,无专业组映射
北京林业大学,221,无专业组映射
北京林业大学,224,无专业组映射
北京林业大学,225,无专业组映射
北京林业大学(中外合作办学),235,无专业组映射
北京中医药大学,211,无专业组映射
北京中医药大学,214,无专业组映射
北京中医药大学,208,无专业组映射
北京师范大学,213,无专业组映射
北京师范大学,215,无专业组映射
北京师范大学,"育
211",无专业组映射
北京师范大学,218,无专业组映射
首都师范大学,210,无专业组映射
首都师范大学,211,无专业组映射
首都师范大学,212,无专业组映射
首都师范大学,213,无专业组映射
首都师范大学,208,无专业组映射
首都体育学院,205,无专业组映射
首都体育学院,204,无专业组映射
北京外国语大学,214,无专业组映射
北京外国语大学,216,无专业组映射
北京外国语大学,217,无专业组映射
北京外国语大学,212,无专业组映射
北京外国语大学(中外合作办学),218,无专业组映射
北京外国语大学(中外合作办学),213,无专业组映射
北京语言大学,215,无专业组映射
北京语言大学,217,无专业组映射
北京语言大学,211,无专业组映射
北京语言大学,213,无专业组映射
北京语言大学(中外合作办学),216,无专业组映射
中国传媒大学,211,无专业组映射
中国传媒大学,213,无专业组映射
中国传媒大学,216,无专业组映射
中国传媒大学,217,无专业组映射
中国传媒大学,208,无专业组映射
中国传媒大学,209,无专业组映射
中国传媒大学,215,无专业组映射
中国传媒大学(中外合作办学),212,无专业组映射
中国传媒大学(中外合作办学),214,无专业组映射
中央财经大学,208,无专业组映射
中央财经大学,206,无专业组映射
中央财经大学(中外合作办学),"育
209",无专业组映射
中央财经大学(中外合作办学),207,无专业组映射
对外经济贸易大学,208,无专业组映射
对外经济贸易大学,209,无专业组映射
对外经济贸易大学,207,无专业组映射
对外经济贸易大学(中外合作办学),210,无专业组映射
"教
北京物资学院(中外合作办学)",205,无专业组映射
北京物资学院,206,无专业组映射
北京物资学院,204,无专业组映射
首都经济贸易大学,205,无专业组映射
首都经济贸易大学,206,无专业组映射
首都经济贸易大学,204,无专业组映射
"省
中国人民公安大学",202,无专业组映射
北京体育大学,218,无专业组映射
北京体育大学,219,无专业组映射
北京体育大学,222,无专业组映射
北京体育大学,215,无专业组映射
北京体育大学,216,无专业组映射
北京体育大学(中外合作办学),220,无专业组映射
北京体育大学(中外合作办学),217,无专业组映射
"东
北京体育大学",221,无专业组映射
中国音乐学院,204,无专业组映射
中国音乐学院,203,无专业组映射
中央美术学院,208,无专业组映射
中央美术学院,210,无专业组映射
中央美术学院,206,无专业组映射
"广
中央美术学院(中外合作办学)",209,无专业组映射
北京电影学院,211,无专业组映射
北京电影学院,212,无专业组映射
北京电影学院,213,无专业组映射
北京电影学院,214,无专业组映射
北京电影学院,215,无专业组映射
北京电影学院,201,无专业组映射
北京电影学院,202,无专业组映射
北京电影学院,203,无专业组映射
北京电影学院,208,无专业组映射
北京电影学院,210,无专业组映射
中央民族大学,220,无专业组映射
中央民族大学,222,无专业组映射
中央民族大学,216,无专业组映射
中央民族大学(内地澳门合作办学),224,无专业组映射
中国政法大学,208,无专业组映射
中国政法大学,206,无专业组映射
中国政法大学,207,无专业组映射
华北电力大学(北京),207,无专业组映射
华北电力大学(北京),208,无专业组映射
华北电力大学(北京),205,无专业组映射
南开大学,205,无专业组映射
南开大学,206,无专业组映射
南开大学,204,无专业组映射
天津大学,203,无专业组映射
天津大学,204,无专业组映射
天津大学,205,无专业组映射
天津科技大学,210,无专业组映射
天津科技大学,212,无专业组映射
天津科技大学,208,无专业组映射
天津科技大学(中外合作办学),211,无专业组映射
天津科技大学(中外合作办学),213,无专业组映射
天津科技大学(中外合作办学),209,无专业组映射
天津工业大学,213,无专业组映射
天津工业大学,214,无专业组映射
天津工业大学,215,无专业组映射
天津工业大学,"育
212",无专业组映射
天津工业大学,221,无专业组映射
天津工业大学(中外合作办学),220,无专业组映射
中国民航大学,213,无专业组映射
中国民航大学,208,无专业组映射
中国民航大学,211,无专业组映射
天津理工大学,205,无专业组映射
天津理工大学,208,无专业组映射
天津理工大学,209,无专业组映射
天津理工大学,210,无专业组映射
天津理工大学(中外合作办学),206,无专业组映射
天津理工大学(中外合作办学),211,无专业组映射
天津农学院,205,无专业组映射
天津农学院,206,无专业组映射
天津农学院,207,无专业组映射
天津农学院,"育
208",无专业组映射
天津医科大学,202,无专业组映射
天津中医药大学,207,无专业组映射
天津中医药大学,208,无专业组映射
天津中医药大学,210,无专业组映射
天津中医药大学,211,无专业组映射
天津中医药大学,206,无专业组映射
"教
天津中医药大学",209,无专业组映射
"教
天津中医药大学",205,无专业组映射
天津师范大学,218,无专业组映射
天津师范大学,220,无专业组映射
天津师范大学,221,无专业组映射
天津师范大学,222,无专业组映射
天津师范大学,224,无专业组映射
天津师范大学,225,无专业组映射
天津师范大学,226,无专业组映射
天津师范大学,216,无专业组映射
天津师范大学,217,无专业组映射
"省
天津师范大学",219,无专业组映射
"东
天津师范大学",223,无专业组映射
"广
天津职业技术师范大学",203,无专业组映射
天津职业技术师范大学,204,无专业组映射
天津外国语大学,206,无专业组映射
天津外国语大学,207,无专业组映射
天津外国语大学,208,无专业组映射
天津外国语大学,210,无专业组映射
天津外国语大学,202,无专业组映射
天津外国语大学,203,无专业组映射
天津外国语大学(中外合作办学),209,无专业组映射
天津外国语大学(中外合作办学),205,无专业组映射
天津商业大学,213,无专业组映射
天津商业大学,214,无专业组映射
天津商业大学,216,无专业组映射
天津商业大学,209,无专业组映射
天津商业大学,210,无专业组映射
天津商业大学(中外合作办学),215,无专业组映射
天津商业大学(中外合作办学),212,无专业组映射
天津财经大学,209,无专业组映射
天津财经大学,211,无专业组映射
天津财经大学,212,无专业组映射
天津财经大学,207,无专业组映射
天津财经大学(中外合作办学),210,无专业组映射
天津财经大学(中外合作办学),208,无专业组映射
天津体育学院,211,无专业组映射
天津体育学院,212,无专业组映射
天津体育学院,213,无专业组映射
天津体育学院,208,无专业组映射
天津体育学院,209,无专业组映射
天津体育学院,210,无专业组映射
河北工程大学,207,无专业组映射
河北工程大学,208,无专业组映射
河北工程大学,209,无专业组映射
河北工程大学,210,无专业组映射
河北工程大学,211,无专业组映射
河北地质大学,205,无专业组映射
河北地质大学,206,无专业组映射
河北地质大学,204,无专业组映射
华北水利水电大学,204,无专业组映射
华北水利水电大学,205,无专业组映射
华北水利水电大学(中外合作办学),206,无专业组映射
华北电力大学(保定),208,无专业组映射
华北电力大学(保定),206,无专业组映射
河北工业大学,205,无专业组映射
河北工业大学,206,无专业组映射
河北工业大学,207,无专业组映射
河北工业大学,208,无专业组映射
河北工业大学(联合培养),209,无专业组映射
河北工业大学(联合培养),210,无专业组映射
华北理工大学(联合培养),"育
215",无专业组映射
华北理工大学(联合培养),212,无专业组映射
华北理工大学,216,无专业组映射
华北理工大学,217,无专业组映射
华北理工大学,218,无专业组映射
华北理工大学,213,无专业组映射
华北理工大学,214,无专业组映射
"教
华北理工大学",219,无专业组映射
河北医科大学,206,无专业组映射
河北医科大学,207,无专业组映射
河北医科大学,208,无专业组映射
河北医科大学,205,无专业组映射
"省
河北北方学院",202,无专业组映射
河北北方学院,203,无专业组映射
河北北方学院,204,无专业组映射
承德医学院,202,无专业组映射
"东
河北师范大学",205,无专业组映射
河北师范大学,206,无专业组映射
河北师范大学,204,无专业组映射
衡水学院,213,无专业组映射
衡水学院,214,无专业组映射
衡水学院,212,无专业组映射
"广
衡水学院",215,无专业组映射
衡水学院(中外合作办学),216,无专业组映射
邯郸学院,204,无专业组映射
邢台学院,204,无专业组映射
邢台学院,203,无专业组映射
沧州师范学院,204,无专业组映射
沧州师范学院,203,无专业组映射
石家庄铁道大学,207,无专业组映射
石家庄铁道大学,208,无专业组映射
石家庄铁道大学,209,无专业组映射
石家庄铁道大学,210,无专业组映射
石家庄铁道大学,206,无专业组映射
山西大学,204,无专业组映射
山西大学,203,无专业组映射
太原科技大学,202,无专业组映射
中北大学,218,无专业组映射
中北大学,219,无专业组映射
中北大学,220,无专业组映射
中北大学,221,无专业组映射
中北大学,216,无专业组映射
太原理工大学,203,无专业组映射
山西农业大学,210,无专业组映射
山西农业大学,211,无专业组映射
山西农业大学,212,无专业组映射
山西农业大学,213,无专业组映射
山西农业大学,214,无专业组映射
山西农业大学,209,无专业组映射
山西医科大学,207,无专业组映射
山西医科大学,208,无专业组映射
山西医科大学,209,无专业组映射
山西医科大学,210,无专业组映射
山西医科大学,206,无专业组映射
长治医学院,203,无专业组映射
长治医学院,204,无专业组映射
山西师范大学,210,无专业组映射
山西师范大学,212,无专业组映射
山西师范大学,209,无专业组映射
山西大同大学,205,无专业组映射
山西大同大学,204,无专业组映射
忻州师范学院,204,无专业组映射
忻州师范学院,205,无专业组映射
山西财经大学,205,无专业组映射
山西财经大学,206,无专业组映射
山西财经大学,204,无专业组映射
内蒙古大学,217,无专业组映射
内蒙古大学,"育
218",无专业组映射
内蒙古大学,219,无专业组映射
内蒙古大学,220,无专业组映射
内蒙古大学,221,无专业组映射
内蒙古大学,212,无专业组映射
内蒙古大学,213,无专业组映射
内蒙古大学,214,无专业组映射
内蒙古大学,215,无专业组映射
内蒙古大学,216,无专业组映射
"教
内蒙古大学",222,无专业组映射
内蒙古科技大学,208,无专业组映射
内蒙古科技大学,209,无专业组映射
内蒙古科技大学,210,无专业组映射
内蒙古科技大学,"育
206",无专业组映射
内蒙古科技大学,207,无专业组映射
"省
内蒙古工业大学",204,无专业组映射
内蒙古工业大学,205,无专业组映射
内蒙古工业大学,206,无专业组映射
内蒙古工业大学,207,无专业组映射
"东
内蒙古农业大学",206,无专业组映射
内蒙古农业大学,207,无专业组映射
内蒙古农业大学,208,无专业组映射
内蒙古农业大学,205,无专业组映射
内蒙古医科大学,205,无专业组映射
内蒙古医科大学,207,无专业组映射
内蒙古医科大学,208,无专业组映射
"广
内蒙古医科大学",206,无专业组映射
内蒙古师范大学,210,无专业组映射
内蒙古师范大学,211,无专业组映射
内蒙古师范大学,212,无专业组映射
内蒙古师范大学,213,无专业组映射
内蒙古师范大学,208,无专业组映射
内蒙古民族大学,206,无专业组映射
内蒙古民族大学,207,无专业组映射
内蒙古民族大学,208,无专业组映射
内蒙古民族大学,209,无专业组映射
内蒙古民族大学,205,无专业组映射
辽宁大学,208,无专业组映射
辽宁大学,209,无专业组映射
辽宁大学,210,无专业组映射
辽宁大学,201,无专业组映射
辽宁大学,202,无专业组映射
辽宁大学(中外合作办学),211,无专业组映射
辽宁大学(中外合作办学),212,无专业组映射
辽宁大学(中外合作办学),213,无专业组映射
辽宁大学(中外合作办学),214,无专业组映射
辽宁大学(中外合作办学),204,无专业组映射
辽宁大学(中外合作办学),205,无专业组映射
辽宁大学(中外合作办学),207,无专业组映射
大连理工大学,208,无专业组映射
大连理工大学,207,无专业组映射
大连理工大学(中外合作办学),210,无专业组映射
沈阳工业大学,207,无专业组映射
沈阳工业大学,208,无专业组映射
沈阳工业大学,209,无专业组映射
沈阳工业大学,210,无专业组映射
沈阳工业大学,211,无专业组映射
沈阳航空航天大学,202,无专业组映射
沈阳理工大学,205,无专业组映射
沈阳理工大学,206,无专业组映射
沈阳理工大学,208,无专业组映射
东北大学,208,无专业组映射
东北大学,209,无专业组映射
东北大学,210,无专业组映射
东北大学,211,无专业组映射
东北大学,212,无专业组映射
东北大学,215,无专业组映射
东北大学,216,无专业组映射
东北大学(中外合作办学),213,无专业组映射
东北大学(中外合作办学),"育
214",无专业组映射
辽宁科技大学,203,无专业组映射
"教
辽宁科技大学(中外合作办学)",204,无专业组映射
辽宁工程技术大学,208,无专业组映射
辽宁工程技术大学,209,无专业组映射
辽宁工程技术大学,210,无专业组映射
辽宁工程技术大学,206,无专业组映射
"省
辽宁石油化工大学",206,无专业组映射
辽宁石油化工大学,207,无专业组映射
辽宁石油化工大学,208,无专业组映射
辽宁石油化工大学,209,无专业组映射
"东
辽宁石油化工大学(中外合作办学)",210,无专业组映射
沈阳化工大学,208,无专业组映射
沈阳化工大学,209,无专业组映射
沈阳化工大学,210,无专业组映射
沈阳化工大学,212,无专业组映射
"广
沈阳化工大学",211,无专业组映射
沈阳化工大学(中外合作办学),213,无专业组映射
大连交通大学,206,无专业组映射
大连交通大学,207,无专业组映射
大连交通大学,209,无专业组映射
大连交通大学(中外合作办学),208,无专业组映射
大连交通大学(中外合作办学),205,无专业组映射
大连海事大学,213,无专业组映射
大连海事大学,214,无专业组映射
大连海事大学,216,无专业组映射
大连海事大学,217,无专业组映射
大连海事大学,210,无专业组映射
大连海事大学,211,无专业组映射
大连海事大学(中外合作办学),215,无专业组映射
大连海事大学(中外合作办学),218,无专业组映射
大连海事大学(中外合作办学),212,无专业组映射
大连工业大学,211,无专业组映射
大连工业大学,212,无专业组映射
大连工业大学,213,无专业组映射
大连工业大学,214,无专业组映射
大连工业大学,209,无专业组映射
大连工业大学,210,无专业组映射
大连工业大学(中外合作办学),215,无专业组映射
大连工业大学(中外合作办学),216,无专业组映射
大连工业大学(中外合作办学),217,无专业组映射
大连工业大学(中外合作办学),218,无专业组映射
沈阳建筑大学,209,无专业组映射
沈阳建筑大学,210,无专业组映射
沈阳建筑大学,212,无专业组映射
沈阳建筑大学,214,无专业组映射
沈阳建筑大学(中外合作办学),211,无专业组映射
沈阳建筑大学(中外合作办学),215,无专业组映射
沈阳建筑大学(中外合作办学),216,无专业组映射
沈阳农业大学,206,无专业组映射
沈阳农业大学,207,无专业组映射
沈阳农业大学(中外合作办学),208,无专业组映射
大连海洋大学,204,无专业组映射
大连海洋大学,205,无专业组映射
大连海洋大学,206,无专业组映射
大连海洋大学,207,无专业组映射
中国医科大学,"育
203",无专业组映射
中国医科大学(中外合作办学),204,无专业组映射
锦州医科大学,202,无专业组映射
锦州医科大学,203,无专业组映射
"教
锦州医科大学(中外合作办学)",204,无专业组映射
大连医科大学,202,无专业组映射
大连医科大学,203,无专业组映射
大连医科大学,204,无专业组映射
"省
大连医科大学",205,无专业组映射
辽宁中医药大学,203,无专业组映射
辽宁中医药大学,204,无专业组映射
辽宁中医药大学,205,无专业组映射
辽宁中医药大学,207,无专业组映射
辽宁中医药大学,201,无专业组映射
辽宁中医药大学,202,无专业组映射
"东
辽宁中医药大学",206,无专业组映射
沈阳药科大学,203,无专业组映射
沈阳药科大学,204,无专业组映射
"广
沈阳医学院",202,无专业组映射
辽宁师范大学(中外合作办学),205,无专业组映射
辽宁师范大学(中外合作办学),206,无专业组映射
辽宁师范大学(中外合作办学),204,无专业组映射
渤海大学,203,无专业组映射
渤海大学,201,无专业组映射
渤海大学,202,无专业组映射
渤海大学(国际本科学术互认),204,无专业组映射
鞍山师范学院,204,无专业组映射
鞍山师范学院,203,无专业组映射
大连外国语大学,208,无专业组映射
大连外国语大学,209,无专业组映射
大连外国语大学,210,无专业组映射
大连外国语大学,206,无专业组映射
大连外国语大学,207,无专业组映射
东北财经大学,209,无专业组映射
东北财经大学,201,无专业组映射
东北财经大学,202,无专业组映射
东北财经大学(中外合作办学),210,无专业组映射
东北财经大学(中外合作办学),211,无专业组映射
东北财经大学(中外合作办学),212,无专业组映射
东北财经大学(中外合作办学),213,无专业组映射
东北财经大学(中外合作办学),214,无专业组映射
东北财经大学(中外合作办学),215,无专业组映射
东北财经大学(中外合作办学),216,无专业组映射
东北财经大学(中外合作办学),203,无专业组映射
东北财经大学(中外合作办学),204,无专业组映射
东北财经大学(中外合作办学),205,无专业组映射
东北财经大学(中外合作办学),207,无专业组映射
东北财经大学(中外合作办学),208,无专业组映射
沈阳音乐学院,209,无专业组映射
沈阳音乐学院,208,无专业组映射
吉林大学,220,无专业组映射
吉林大学,221,无专业组映射
吉林大学,222,无专业组映射
吉林大学,223,无专业组映射
吉林大学,224,无专业组映射
吉林大学,226,无专业组映射
吉林大学,229,无专业组映射
吉林大学,230,无专业组映射
吉林大学,231,无专业组映射
吉林大学,215,无专业组映射
吉林大学,216,无专业组映射
吉林大学,217,无专业组映射
吉林大学,218,无专业组映射
吉林大学,219,无专业组映射
吉林大学,228,无专业组映射
吉林大学(联合培养),225,无专业组映射
延边大学,206,无专业组映射
延边大学,207,无专业组映射
延边大学,208,无专业组映射
延边大学,205,无专业组映射
长春理工大学,217,无专业组映射
长春理工大学,218,无专业组映射
长春理工大学,219,无专业组映射
长春理工大学,220,无专业组映射
长春理工大学,"育
221",无专业组映射
长春理工大学,222,无专业组映射
长春理工大学,223,无专业组映射
长春理工大学,226,无专业组映射
长春理工大学,"育
214",无专业组映射
长春理工大学,215,无专业组映射
长春理工大学,216,无专业组映射
长春理工大学(中外合作办学),224,无专业组映射
长春理工大学(中外合作办学),227,无专业组映射
长春理工大学(中外合作办学),228,无专业组映射
"教
长春理工大学(中外合作办学)",225,无专业组映射
"省
东北电力大学",205,无专业组映射
东北电力大学(中外合作办学),206,无专业组映射
东北电力大学,207,无专业组映射
东北电力大学,204,无专业组映射
长春工业大学,216,无专业组映射
长春工业大学,218,无专业组映射
长春工业大学,219,无专业组映射
长春工业大学,220,无专业组映射
长春工业大学,212,无专业组映射
长春工业大学,213,无专业组映射
长春工业大学,214,无专业组映射
"东
长春工业大学",217,无专业组映射
"广
吉林建筑大学",209,无专业组映射
吉林建筑大学,210,无专业组映射
吉林建筑大学,211,无专业组映射
吉林建筑大学,207,无专业组映射
吉林建筑大学(中外合作办学),212,无专业组映射
吉林建筑大学(中外合作办学),208,无专业组映射
吉林农业大学,204,无专业组映射
吉林农业大学,205,无专业组映射
长春中医药大学,204,无专业组映射
长春中医药大学,205,无专业组映射
长春中医药大学,206,无专业组映射
东北师范大学(中外合作办学),219,无专业组映射
东北师范大学(中外合作办学),220,无专业组映射
东北师范大学(中外合作办学),216,无专业组映射
东北师范大学(中外合作办学),217,无专业组映射
东北师范大学,221,无专业组映射
东北师范大学,222,无专业组映射
东北师范大学,215,无专业组映射
北华大学,208,无专业组映射
北华大学,209,无专业组映射
北华大学,210,无专业组映射
北华大学,211,无专业组映射
北华大学,212,无专业组映射
北华大学,206,无专业组映射
北华大学,207,无专业组映射
吉林师范大学,206,无专业组映射
吉林师范大学,204,无专业组映射
吉林师范大学,205,无专业组映射
长春师范大学(校企联合培养),208,无专业组映射
长春师范大学,209,无专业组映射
长春师范大学,210,无专业组映射
长春师范大学,206,无专业组映射
长春师范大学,207,无专业组映射
白城师范学院,202,无专业组映射
吉林财经大学,210,无专业组映射
吉林财经大学,208,无专业组映射
吉林财经大学(中外合作办学),211,无专业组映射
吉林财经大学(中外合作办学),209,无专业组映射
黑龙江大学,211,无专业组映射
黑龙江大学,212,无专业组映射
黑龙江大学,213,无专业组映射
黑龙江大学,209,无专业组映射
黑龙江大学,210,无专业组映射
黑龙江大学(联合培养),215,无专业组映射
黑龙江大学(联合培养),216,无专业组映射
哈尔滨工业大学,206,无专业组映射
哈尔滨工业大学,207,无专业组映射
哈尔滨工业大学(中外合作办学),208,无专业组映射
哈尔滨工业大学(中外合作办学),209,无专业组映射
哈尔滨工业大学(中外合作办学),210,无专业组映射
哈尔滨工业大学(中外合作办学),"育
211",无专业组映射
哈尔滨工业大学(中外合作办学),212,无专业组映射
哈尔滨理工大学,211,无专业组映射
哈尔滨理工大学,212,无专业组映射
哈尔滨理工大学,214,无专业组映射
哈尔滨理工大学,215,无专业组映射
哈尔滨理工大学,216,无专业组映射
哈尔滨理工大学,218,无专业组映射
哈尔滨理工大学,207,无专业组映射
"教
哈尔滨理工大学",213,无专业组映射
"省
哈尔滨理工大学",217,无专业组映射
燕山大学,205,无专业组映射
燕山大学,204,无专业组映射
哈尔滨工程大学,211,无专业组映射
哈尔滨工程大学,215,无专业组映射
哈尔滨工程大学,216,无专业组映射
哈尔滨工程大学,218,无专业组映射
哈尔滨工程大学,219,无专业组映射
哈尔滨工程大学,208,无专业组映射
哈尔滨工程大学,209,无专业组映射
"东
哈尔滨工程大学(中外合作办学)",213,无专业组映射
哈尔滨工程大学(中外合作办学),214,无专业组映射
"广
哈尔滨工程大学",217,无专业组映射
黑龙江科技大学,207,无专业组映射
黑龙江科技大学,208,无专业组映射
黑龙江科技大学,205,无专业组映射
黑龙江科技大学,206,无专业组映射
东北石油大学,207,无专业组映射
东北石油大学,208,无专业组映射
东北石油大学,209,无专业组映射
东北石油大学,201,无专业组映射
东北石油大学,206,无专业组映射
东北石油大学(中外合作办学),210,无专业组映射
佳木斯大学,212,无专业组映射
佳木斯大学,213,无专业组映射
佳木斯大学,214,无专业组映射
佳木斯大学,215,无专业组映射
佳木斯大学,216,无专业组映射
佳木斯大学,208,无专业组映射
佳木斯大学,209,无专业组映射
佳木斯大学,211,无专业组映射
东北农业大学,210,无专业组映射
东北农业大学,211,无专业组映射
东北农业大学,212,无专业组映射
东北农业大学,213,无专业组映射
东北农业大学,214,无专业组映射
东北农业大学,208,无专业组映射
东北农业大学,209,无专业组映射
东北农业大学(联合培养),215,无专业组映射
东北农业大学(联合培养),216,无专业组映射
东北农业大学(联合培养),217,无专业组映射
东北农业大学(联合培养),218,无专业组映射
东北林业大学,208,无专业组映射
东北林业大学,209,无专业组映射
东北林业大学,207,无专业组映射
东北林业大学(中外合作办学),211,无专业组映射
哈尔滨医科大学,208,无专业组映射
哈尔滨医科大学,209,无专业组映射
哈尔滨医科大学,210,无专业组映射
哈尔滨医科大学,212,无专业组映射
哈尔滨医科大学,213,无专业组映射
哈尔滨医科大学,207,无专业组映射
黑龙江中医药大学,206,无专业组映射
黑龙江中医药大学,207,无专业组映射
黑龙江中医药大学,208,无专业组映射
黑龙江中医药大学,209,无专业组映射
黑龙江中医药大学,205,无专业组映射
牡丹江医科大学,201,无专业组映射
牡丹江医科大学,"育
202",无专业组映射
牡丹江医科大学,203,无专业组映射
哈尔滨师范大学,214,无专业组映射
哈尔滨师范大学,215,无专业组映射
哈尔滨师范大学,217,无专业组映射
哈尔滨师范大学,218,无专业组映射
哈尔滨师范大学,211,无专业组映射
哈尔滨师范大学,212,无专业组映射
哈尔滨师范大学,213,无专业组映射
"教
哈尔滨师范大学",216,无专业组映射
齐齐哈尔大学,207,无专业组映射
齐齐哈尔大学,209,无专业组映射
齐齐哈尔大学,"育
205",无专业组映射
齐齐哈尔大学,206,无专业组映射
齐齐哈尔大学,210,无专业组映射
"省
齐齐哈尔大学",208,无专业组映射
牡丹江师范学院,210,无专业组映射
牡丹江师范学院,211,无专业组映射
牡丹江师范学院,213,无专业组映射
牡丹江师范学院,214,无专业组映射
牡丹江师范学院,208,无专业组映射
"东
牡丹江师范学院",212,无专业组映射
哈尔滨学院,209,无专业组映射
哈尔滨学院,206,无专业组映射
哈尔滨学院,207,无专业组映射
哈尔滨学院,208,无专业组映射
"广
哈尔滨学院",210,无专业组映射
哈尔滨商业大学,208,无专业组映射
哈尔滨商业大学,209,无专业组映射
哈尔滨商业大学,210,无专业组映射
哈尔滨商业大学,207,无专业组映射
哈尔滨体育学院,208,无专业组映射
哈尔滨体育学院,206,无专业组映射
哈尔滨金融学院,204,无专业组映射
哈尔滨金融学院,203,无专业组映射
复旦大学,206,无专业组映射
复旦大学,205,无专业组映射
同济大学,208,无专业组映射
同济大学,209,无专业组映射
同济大学,211,无专业组映射
同济大学,207,无专业组映射
同济大学(中外合作办学),210,无专业组映射
上海交通大学,206,无专业组映射
上海交通大学,207,无专业组映射
上海交通大学(中外合作办学),208,无专业组映射
华东理工大学,208,无专业组映射
华东理工大学,209,无专业组映射
华东理工大学,210,无专业组映射
华东理工大学,211,无专业组映射
华东理工大学,207,无专业组映射
上海理工大学,207,无专业组映射
上海理工大学,205,无专业组映射
上海理工大学(中外合作办学),208,无专业组映射
上海理工大学(中外合作办学),206,无专业组映射
上海海事大学,205,无专业组映射
上海海事大学,206,无专业组映射
上海海事大学,204,无专业组映射
东华大学,211,无专业组映射
东华大学,212,无专业组映射
东华大学,210,无专业组映射
上海电力大学,202,无专业组映射
上海健康医学院,204,无专业组映射
上海健康医学院,205,无专业组映射
上海健康医学院,206,无专业组映射
上海海洋大学,209,无专业组映射
上海海洋大学,206,无专业组映射
华东师范大学,212,无专业组映射
华东师范大学,213,无专业组映射
华东师范大学,209,无专业组映射
上海师范大学(中外合作办学),206,无专业组映射
上海师范大学(中外合作办学),205,无专业组映射
上海外国语大学(中外合作办学),214,无专业组映射
上海外国语大学(中外合作办学),211,无专业组映射
上海外国语大学,216,无专业组映射
上海外国语大学,209,无专业组映射
上海外国语大学,213,无专业组映射
上海财经大学,209,无专业组映射
上海财经大学,"育
210",无专业组映射
上海财经大学,207,无专业组映射
上海财经大学,208,无专业组映射
上海海关学院,208,无专业组映射
上海海关学院,209,无专业组映射
上海海关学院,210,无专业组映射
上海海关学院,206,无专业组映射
上海海关学院,207,无专业组映射
"教
华东政法大学",204,无专业组映射
上海体育大学,207,无专业组映射
上海体育大学,208,无专业组映射
上海体育大学,209,无专业组映射
上海体育大学,201,无专业组映射
上海体育大学,202,无专业组映射
"省
上海大学(中外合作办学)",203,无专业组映射
南京大学,205,无专业组映射
南京大学,204,无专业组映射
南京大学(中外合作办学),206,无专业组映射
苏州大学,214,无专业组映射
苏州大学,216,无专业组映射
苏州大学,217,无专业组映射
苏州大学,218,无专业组映射
苏州大学,211,无专业组映射
苏州大学,212,无专业组映射
苏州大学,213,无专业组映射
"东
苏州大学",215,无专业组映射
"广
东南大学",208,无专业组映射
南京航空航天大学,205,无专业组映射
南京航空航天大学,207,无专业组映射
南京航空航天大学,206,无专业组映射
南京航空航天大学(中外合作办学),208,无专业组映射
南京理工大学,207,无专业组映射
南京理工大学,206,无专业组映射
江苏科技大学,207,无专业组映射
江苏科技大学,208,无专业组映射
江苏科技大学,205,无专业组映射
江苏科技大学,206,无专业组映射
中国矿业大学,211,无专业组映射
中国矿业大学,213,无专业组映射
中国矿业大学,209,无专业组映射
中国矿业大学(中外合作办学),215,无专业组映射
中国矿业大学(中外合作办学),216,无专业组映射
南京工业大学,206,无专业组映射
南京工业大学,207,无专业组映射
南京工业大学,"育
205",无专业组映射
南京工业大学(中外合作办学),208,无专业组映射
南京工业大学(中外合作办学),209,无专业组映射
常州大学,207,无专业组映射
常州大学,208,无专业组映射
常州大学,206,无专业组映射
南京邮电大学,202,无专业组映射
河海大学,209,无专业组映射
河海大学,210,无专业组映射
河海大学,212,无专业组映射
河海大学,208,无专业组映射
河海大学(中外合作办学),211,无专业组映射
江南大学,217,无专业组映射
江南大学,218,无专业组映射
江南大学,221,无专业组映射
江南大学,223,无专业组映射
江南大学,213,无专业组映射
江南大学,216,无专业组映射
江南大学(中外合作办学),219,无专业组映射
江南大学(中外合作办学),222,无专业组映射
江南大学(中外合作办学),215,无专业组映射
南京林业大学,209,无专业组映射
南京林业大学,210,无专业组映射
南京林业大学,211,无专业组映射
南京林业大学,208,无专业组映射
江苏大学,205,无专业组映射
江苏大学,206,无专业组映射
南京信息工程大学,212,无专业组映射
南京信息工程大学,213,无专业组映射
南京信息工程大学,210,无专业组映射
南京信息工程大学(中外合作办学),"育
214",无专业组映射
南京信息工程大学(中外合作办学),211,无专业组映射
南通大学,216,无专业组映射
南通大学,217,无专业组映射
南通大学,218,无专业组映射
南通大学,215,无专业组映射
"教
南通大学(中外合作办学)",220,无专业组映射
盐城工学院,203,无专业组映射
盐城工学院,204,无专业组映射
南京农业大学,211,无专业组映射
南京农业大学,208,无专业组映射
"省
南京农业大学",212,无专业组映射
南京医科大学,205,无专业组映射
南京医科大学,206,无专业组映射
南京医科大学,204,无专业组映射
南京中医药大学,203,无专业组映射
"东
南京中医药大学",204,无专业组映射
中国药科大学,206,无专业组映射
中国药科大学,207,无专业组映射
中国药科大学(中外合作办学),209,无专业组映射
"广
中国药科大学(中外合作办学)",210,无专业组映射
南京师范大学,210,无专业组映射
南京师范大学,211,无专业组映射
南京师范大学,212,无专业组映射
南京师范大学,213,无专业组映射
南京师范大学,209,无专业组映射
江苏师范大学(中外合作办学),215,无专业组映射
江苏师范大学(中外合作办学),217,无专业组映射
江苏师范大学,216,无专业组映射
江苏师范大学,211,无专业组映射
江苏师范大学,212,无专业组映射
江苏师范大学,213,无专业组映射
江苏师范大学,214,无专业组映射
盐城师范学院,206,无专业组映射
盐城师范学院,207,无专业组映射
盐城师范学院,208,无专业组映射
盐城师范学院,205,无专业组映射
南京财经大学,209,无专业组映射
南京财经大学,211,无专业组映射
南京财经大学,208,无专业组映射
南京财经大学(中外合作办学),210,无专业组映射
南京财经大学(中外合作办学),212,无专业组映射
南京体育学院,203,无专业组映射
南京艺术学院,209,无专业组映射
南京艺术学院,208,无专业组映射
苏州科技大学,210,无专业组映射
苏州科技大学,212,无专业组映射
苏州科技大学,208,无专业组映射
苏州科技大学,209,无专业组映射
苏州科技大学(中外合作办学),211,无专业组映射
苏州科技大学(中外合作办学),213,无专业组映射
苏州工学院,203,无专业组映射
浙江大学(农学),204,无专业组映射
浙江大学,205,无专业组映射
浙江大学,203,无专业组映射
杭州电子科技大学,209,无专业组映射
杭州电子科技大学,211,无专业组映射
杭州电子科技大学,207,无专业组映射
杭州电子科技大学,208,无专业组映射
杭州电子科技大学(中外合作办学),212,无专业组映射
浙江工业大学,209,无专业组映射
浙江工业大学,211,无专业组映射
浙江工业大学,214,无专业组映射
浙江工业大学,207,无专业组映射
浙江工业大学,208,无专业组映射
浙江工业大学(中外合作办学),212,无专业组映射
浙江工业大学(中外合作办学),213,无专业组映射
浙江理工大学,209,无专业组映射
浙江理工大学,210,无专业组映射
浙江理工大学,"育
212",无专业组映射
浙江理工大学,208,无专业组映射
浙江理工大学(中外合作办学),211,无专业组映射
浙江海洋大学,211,无专业组映射
浙江海洋大学,212,无专业组映射
浙江海洋大学,213,无专业组映射
浙江海洋大学,216,无专业组映射
浙江海洋大学,209,无专业组映射
浙江海洋大学,210,无专业组映射
"教
浙江海洋大学",214,无专业组映射
浙江海洋大学(中外合作办学),215,无专业组映射
浙江农林大学,207,无专业组映射
浙江农林大学,206,无专业组映射
"省
浙江农林大学",208,无专业组映射
浙江农林大学(中外合作办学),209,无专业组映射
温州医科大学,204,无专业组映射
温州医科大学,205,无专业组映射
"东
温州医科大学(中外合作办学)",206,无专业组映射
浙江中医药大学,205,无专业组映射
浙江中医药大学,206,无专业组映射
浙江中医药大学,204,无专业组映射
浙江师范大学,219,无专业组映射
浙江师范大学,221,无专业组映射
浙江师范大学,222,无专业组映射
浙江师范大学,223,无专业组映射
浙江师范大学,216,无专业组映射
浙江师范大学,217,无专业组映射
浙江师范大学,225,无专业组映射
"广
浙江师范大学(中外合作办学)",220,无专业组映射
浙江师范大学(中外合作办学),224,无专业组映射
浙江师范大学(中外合作办学),218,无专业组映射
杭州师范大学,207,无专业组映射
杭州师范大学,208,无专业组映射
杭州师范大学,209,无专业组映射
杭州师范大学(中外合作办学),210,无专业组映射
杭州师范大学(中外合作办学),211,无专业组映射
湖州师范学院,208,无专业组映射
湖州师范学院,209,无专业组映射
湖州师范学院,210,无专业组映射
湖州师范学院,207,无专业组映射
温州大学,211,无专业组映射
温州大学,212,无专业组映射
温州大学,213,无专业组映射
温州大学,214,无专业组映射
温州大学,209,无专业组映射
温州大学,210,无专业组映射
温州大学(中外合作办学),215,无专业组映射
丽水学院,205,无专业组映射
丽水学院,206,无专业组映射
丽水学院,207,无专业组映射
浙江工商大学,208,无专业组映射
浙江工商大学,209,无专业组映射
浙江工商大学,210,无专业组映射
浙江工商大学,206,无专业组映射
浙江工商大学,207,无专业组映射
嘉兴大学,205,无专业组映射
中国美术学院,206,无专业组映射
中国美术学院,"育
205",无专业组映射
中国美术学院,207,无专业组映射
中国计量大学,205,无专业组映射
中国计量大学,206,无专业组映射
中国计量大学,204,无专业组映射
安徽大学,212,无专业组映射
安徽大学,208,无专业组映射
安徽大学(中外合作办学),213,无专业组映射
安徽大学(中外合作办学),214,无专业组映射
中国科学技术大学,202,无专业组映射
合肥工业大学,211,无专业组映射
合肥工业大学,214,无专业组映射
合肥工业大学,210,无专业组映射
合肥工业大学(中外合作办学),213,无专业组映射
安徽工业大学,"育
207",无专业组映射
安徽工业大学,208,无专业组映射
安徽工业大学,209,无专业组映射
安徽工业大学,210,无专业组映射
安徽工业大学,206,无专业组映射
"教
安徽理工大学",204,无专业组映射
安徽理工大学,205,无专业组映射
安徽理工大学,206,无专业组映射
安徽工程大学,204,无专业组映射
"省
安徽工程大学",205,无专业组映射
安徽工程大学(中外合作办学),206,无专业组映射
安徽农业大学,206,无专业组映射
安徽农业大学,207,无专业组映射
安徽农业大学,205,无专业组映射
"东
安徽农业大学",208,无专业组映射
安徽医科大学,203,无专业组映射
安徽医科大学,204,无专业组映射
皖南医学院,202,无专业组映射
"广
安徽中医药大学",208,无专业组映射
安徽中医药大学,209,无专业组映射
安徽中医药大学,210,无专业组映射
安徽中医药大学,211,无专业组映射
安徽中医药大学,212,无专业组映射
安徽师范大学,204,无专业组映射
安徽师范大学,203,无专业组映射
安庆师范大学,205,无专业组映射
安庆师范大学,204,无专业组映射
安庆师范大学(中外合作办学),206,无专业组映射
淮北师范大学,209,无专业组映射
淮北师范大学,210,无专业组映射
淮北师范大学,207,无专业组映射
淮北师范大学,208,无专业组映射
安徽财经大学,205,无专业组映射
安徽财经大学,206,无专业组映射
铜陵学院,205,无专业组映射
铜陵学院,206,无专业组映射
铜陵学院,204,无专业组映射
厦门大学,216,无专业组映射
厦门大学,218,无专业组映射
厦门大学,219,无专业组映射
厦门大学,214,无专业组映射
厦门大学(马来西亚分校),220,无专业组映射
厦门大学(马来西亚分校),221,无专业组映射
厦门大学(马来西亚分校),215,无专业组映射
华侨大学,204,无专业组映射
华侨大学,205,无专业组映射
华侨大学,206,无专业组映射
华侨大学,210,无专业组映射
华侨大学,201,无专业组映射
华侨大学,202,无专业组映射
华侨大学,203,无专业组映射
华侨大学(联合培养),207,无专业组映射
福州大学(闽台合作),207,无专业组映射
福州大学(闽台合作),210,无专业组映射
福州大学,209,无专业组映射
福州大学,206,无专业组映射
福建理工大学,204,无专业组映射
福建理工大学,206,无专业组映射
福建农林大学,214,无专业组映射
福建农林大学,215,无专业组映射
福建农林大学,218,无专业组映射
福建农林大学,219,无专业组映射
福建农林大学,"育
220",无专业组映射
福建农林大学,211,无专业组映射
福建农林大学(中外合作办学),216,无专业组映射
福建农林大学(中外合作办学),217,无专业组映射
福建农林大学(中外合作办学),212,无专业组映射
福建农林大学(中外合作办学),213,无专业组映射
集美大学,211,无专业组映射
集美大学,212,无专业组映射
集美大学,213,无专业组映射
集美大学,215,无专业组映射
集美大学,216,无专业组映射
集美大学,217,无专业组映射
集美大学,210,无专业组映射
"教
集美大学",214,无专业组映射
"省
福建医科大学",203,无专业组映射
福建医科大学,204,无专业组映射
福建中医药大学,206,无专业组映射
福建中医药大学,207,无专业组映射
福建中医药大学,205,无专业组映射
"东
福建中医药大学(中外合作办学)",208,无专业组映射
福建师范大学,212,无专业组映射
福建师范大学,213,无专业组映射
福建师范大学,210,无专业组映射
福建师范大学(中外合作办学),214,无专业组映射
福建师范大学(中外合作办学),211,无专业组映射
"广
闽江学院",205,无专业组映射
闽江学院,206,无专业组映射
闽江学院,204,无专业组映射
武夷学院,206,无专业组映射
武夷学院,207,无专业组映射
武夷学院,208,无专业组映射
武夷学院,205,无专业组映射
宁德师范学院,203,无专业组映射
宁德师范学院,204,无专业组映射
泉州师范学院,211,无专业组映射
泉州师范学院,212,无专业组映射
泉州师范学院,213,无专业组映射
泉州师范学院,214,无专业组映射
泉州师范学院,209,无专业组映射
泉州师范学院,210,无专业组映射
闽南师范大学,206,无专业组映射
闽南师范大学,208,无专业组映射
闽南师范大学(联合培养),207,无专业组映射
闽南师范大学(联合培养),209,无专业组映射
南昌大学,218,无专业组映射
南昌大学,219,无专业组映射
南昌大学,220,无专业组映射
南昌大学,221,无专业组映射
南昌大学,222,无专业组映射
南昌大学,224,无专业组映射
南昌大学,225,无专业组映射
南昌大学,216,无专业组映射
南昌大学,217,无专业组映射
南昌大学(中外合作办学),223,无专业组映射
华东交通大学,210,无专业组映射
华东交通大学,211,无专业组映射
华东交通大学,213,无专业组映射
华东交通大学,214,无专业组映射
华东交通大学,217,无专业组映射
华东交通大学,220,无专业组映射
华东交通大学,209,无专业组映射
华东交通大学,215,无专业组映射
华东交通大学(联合培养),219,无专业组映射
华东交通大学(联合培养),221,无专业组映射
华东交通大学(联合培养),216,无专业组映射
东华理工大学,205,无专业组映射
东华理工大学(国际班),206,无专业组映射
南昌航空大学,213,无专业组映射
南昌航空大学,215,无专业组映射
南昌航空大学,"育
216",无专业组映射
南昌航空大学,218,无专业组映射
南昌航空大学,211,无专业组映射
南昌航空大学,212,无专业组映射
南昌航空大学(中外合作办学),217,无专业组映射
江西理工大学,216,无专业组映射
江西理工大学,218,无专业组映射
江西理工大学,220,无专业组映射
江西理工大学,215,无专业组映射
"教
江西理工大学",217,无专业组映射
江西理工大学(中外合作办学),219,无专业组映射
"省
景德镇陶瓷大学",203,无专业组映射
景德镇陶瓷大学,207,无专业组映射
景德镇陶瓷大学,208,无专业组映射
景德镇陶瓷大学,211,无专业组映射
景德镇陶瓷大学,213,无专业组映射
景德镇陶瓷大学,214,无专业组映射
景德镇陶瓷大学,201,无专业组映射
景德镇陶瓷大学,202,无专业组映射
景德镇陶瓷大学,210,无专业组映射
"东
景德镇陶瓷大学",212,无专业组映射
江西农业大学,209,无专业组映射
江西农业大学,211,无专业组映射
江西农业大学,212,无专业组映射
江西农业大学,213,无专业组映射
江西农业大学,214,无专业组映射
江西农业大学,"育
207",无专业组映射
江西农业大学,208,无专业组映射
"广
江西农业大学",210,无专业组映射
江西中医药大学,209,无专业组映射
江西中医药大学,210,无专业组映射
江西中医药大学,211,无专业组映射
江西中医药大学,212,无专业组映射
江西中医药大学,208,无专业组映射
赣南医科大学,204,无专业组映射
赣南医科大学,205,无专业组映射
赣南医科大学,206,无专业组映射
江西师范大学,225,无专业组映射
江西师范大学,226,无专业组映射
江西师范大学,227,无专业组映射
江西师范大学,228,无专业组映射
江西师范大学,229,无专业组映射
江西师范大学,230,无专业组映射
江西师范大学,231,无专业组映射
江西师范大学,232,无专业组映射
江西师范大学,234,无专业组映射
江西师范大学,219,无专业组映射
江西师范大学,221,无专业组映射
江西师范大学,222,无专业组映射
江西师范大学,223,无专业组映射
江西师范大学,233,无专业组映射
上饶师范学院,219,无专业组映射
上饶师范学院,220,无专业组映射
上饶师范学院,221,无专业组映射
上饶师范学院,222,无专业组映射
上饶师范学院,215,无专业组映射
上饶师范学院,217,无专业组映射
上饶师范学院,218,无专业组映射
宜春学院,225,无专业组映射
宜春学院,226,无专业组映射
宜春学院,227,无专业组映射
宜春学院,229,无专业组映射
宜春学院,230,无专业组映射
宜春学院,231,无专业组映射
宜春学院,220,无专业组映射
宜春学院,222,无专业组映射
宜春学院,223,无专业组映射
赣南师范大学,227,无专业组映射
赣南师范大学,228,无专业组映射
赣南师范大学,229,无专业组映射
赣南师范大学,230,无专业组映射
赣南师范大学,"育
231",无专业组映射
赣南师范大学,232,无专业组映射
赣南师范大学,233,无专业组映射
赣南师范大学,234,无专业组映射
赣南师范大学,238,无专业组映射
赣南师范大学,222,无专业组映射
赣南师范大学,223,无专业组映射
赣南师范大学,224,无专业组映射
赣南师范大学,225,无专业组映射
赣南师范大学,226,无专业组映射
赣南师范大学,235,无专业组映射
赣南师范大学,236,无专业组映射
"教
赣南师范大学",237,无专业组映射
井冈山大学(国际班),209,无专业组映射
井冈山大学,210,无专业组映射
井冈山大学,212,无专业组映射
井冈山大学,213,无专业组映射
井冈山大学,214,无专业组映射
井冈山大学,201,无专业组映射
"省
井冈山大学",211,无专业组映射
"东
井冈山大学(中外合作办学)",215,无专业组映射
江西财经大学,213,无专业组映射
江西财经大学,214,无专业组映射
江西财经大学,215,无专业组映射
江西财经大学,217,无专业组映射
江西财经大学,210,无专业组映射
江西财经大学,211,无专业组映射
江西财经大学,212,无专业组映射
"广
江西财经大学",216,无专业组映射
江西财经大学(中外合作办学),218,无专业组映射
江西财经大学(中外合作办学),219,无专业组映射
江西财经大学(中外合作办学),220,无专业组映射
江西财经大学(中外合作办学),221,无专业组映射
山东大学,203,无专业组映射
山东大学,204,无专业组映射
山东大学,205,无专业组映射
山东大学,206,无专业组映射
山东大学,207,无专业组映射
山东大学,208,无专业组映射
山东大学,201,无专业组映射
山东大学,202,无专业组映射
中国海洋大学,217,无专业组映射
中国海洋大学,218,无专业组映射
中国海洋大学,219,无专业组映射
中国海洋大学,220,无专业组映射
中国海洋大学,221,无专业组映射
中国海洋大学,222,无专业组映射
中国海洋大学,213,无专业组映射
中国海洋大学,214,无专业组映射
中国海洋大学,216,无专业组映射
中国海洋大学(中外合作办学),223,无专业组映射
中国海洋大学(中外合作办学),224,无专业组映射
中国海洋大学(中外合作办学),225,无专业组映射
中国海洋大学(中外合作办学),226,无专业组映射
中国海洋大学(中外合作办学),227,无专业组映射
中国海洋大学(中外合作办学),228,无专业组映射
中国海洋大学(中外合作办学),215,无专业组映射
山东科技大学,204,无专业组映射
山东科技大学,203,无专业组映射
中国石油大学(华东),210,无专业组映射
中国石油大学(华东),208,无专业组映射
青岛科技大学,206,无专业组映射
青岛科技大学(中外合作办学),207,无专业组映射
济南大学,218,无专业组映射
济南大学,219,无专业组映射
济南大学,220,无专业组映射
济南大学,221,无专业组映射
济南大学,213,无专业组映射
济南大学,214,无专业组映射
济南大学,215,无专业组映射
济南大学,216,无专业组映射
青岛理工大学,205,无专业组映射
青岛理工大学,206,无专业组映射
青岛理工大学,203,无专业组映射
青岛理工大学,204,无专业组映射
山东建筑大学,208,无专业组映射
山东建筑大学,210,无专业组映射
山东建筑大学,207,无专业组映射
山东建筑大学(中外合作办学),"育
209",无专业组映射
齐鲁工业大学,208,无专业组映射
齐鲁工业大学,209,无专业组映射
齐鲁工业大学,207,无专业组映射
"教
山东理工大学",204,无专业组映射
山东理工大学,205,无专业组映射
山东理工大学,206,无专业组映射
山东农业大学,205,无专业组映射
山东农业大学,204,无专业组映射
"省
山东农业大学(中外合作办学)",206,无专业组映射
青岛农业大学,203,无专业组映射
青岛农业大学(中外合作办学),204,无专业组映射
山东第二医科大学,202,无专业组映射
"东
山东第一医科大学",206,无专业组映射
山东第一医科大学,207,无专业组映射
山东第一医科大学,208,无专业组映射
山东第一医科大学,211,无专业组映射
山东第一医科大学,213,无专业组映射
山东第一医科大学,214,无专业组映射
山东第一医科大学,215,无专业组映射
山东第一医科大学,216,无专业组映射
山东第一医科大学,217,无专业组映射
山东第一医科大学,218,无专业组映射
山东第一医科大学,219,无专业组映射
山东第一医科大学,"育
205",无专业组映射
山东第一医科大学,209,无专业组映射
山东第一医科大学,210,无专业组映射
"广
山东第一医科大学",212,无专业组映射
滨州医学院,202,无专业组映射
山东中医药大学,202,无专业组映射
济宁医学院,202,无专业组映射
山东师范大学,214,无专业组映射
山东师范大学,216,无专业组映射
山东师范大学,217,无专业组映射
山东师范大学,210,无专业组映射
山东师范大学,213,无专业组映射
山东师范大学(中外合作办学),215,无专业组映射
山东师范大学(中外合作办学),212,无专业组映射
聊城大学,202,无专业组映射
山东航空学院,205,无专业组映射
山东航空学院,206,无专业组映射
山东航空学院,204,无专业组映射
鲁东大学,205,无专业组映射
鲁东大学(中外合作办学),206,无专业组映射
临沂大学,208,无专业组映射
临沂大学,210,无专业组映射
临沂大学,206,无专业组映射
临沂大学(中外合作办学),209,无专业组映射
临沂大学(中外合作办学),207,无专业组映射
泰山学院,202,无专业组映射
菏泽学院,205,无专业组映射
山东财经大学,205,无专业组映射
山东财经大学,206,无专业组映射
山东财经大学,204,无专业组映射
郑州大学,210,无专业组映射
郑州大学,209,无专业组映射
郑州大学(中外合作办学),214,无专业组映射
河南理工大学,208,无专业组映射
河南理工大学,209,无专业组映射
河南理工大学,207,无专业组映射
河南理工大学(中外合作办学),210,无专业组映射
河南理工大学(中外合作办学),211,无专业组映射
郑州轻工业大学,206,无专业组映射
郑州轻工业大学,205,无专业组映射
郑州轻工业大学(中外合作办学),207,无专业组映射
郑州轻工业大学(中外合作办学),"育
208",无专业组映射
河南工业大学,210,无专业组映射
河南工业大学,211,无专业组映射
河南工业大学,212,无专业组映射
河南工业大学,208,无专业组映射
河南工业大学,209,无专业组映射
"教
河南工业大学(中外合作办学/豫台合作办学)",213,无专业组映射
河南科技大学,212,无专业组映射
河南科技大学,213,无专业组映射
河南科技大学,214,无专业组映射
河南科技大学,216,无专业组映射
河南科技大学,210,无专业组映射
河南科技大学,211,无专业组映射
"省
河南科技大学",215,无专业组映射
河南科技大学(中外合作办学),217,无专业组映射
河南科技大学(中外合作办学),218,无专业组映射
"东
中原工学院",205,无专业组映射
中原工学院,206,无专业组映射
中原工学院,204,无专业组映射
河南农业大学,212,无专业组映射
河南农业大学,213,无专业组映射
河南农业大学,215,无专业组映射
河南农业大学,217,无专业组映射
河南农业大学,218,无专业组映射
河南农业大学,210,无专业组映射
河南农业大学,211,无专业组映射
"广
河南农业大学",214,无专业组映射
河南农业大学(中外合作办学),216,无专业组映射
河南科技学院,207,无专业组映射
河南科技学院,205,无专业组映射
河南科技学院,206,无专业组映射
河南中医药大学,206,无专业组映射
河南中医药大学,207,无专业组映射
河南中医药大学,208,无专业组映射
河南中医药大学,205,无专业组映射
河南医药大学,206,无专业组映射
河南医药大学,204,无专业组映射
河南医药大学,205,无专业组映射
河南大学,219,无专业组映射
河南大学,223,无专业组映射
河南大学,228,无专业组映射
河南大学,215,无专业组映射
河南大学,218,无专业组映射
河南大学(中外合作办学),222,无专业组映射
河南大学(中外合作办学),226,无专业组映射
河南大学(中外合作办学),227,无专业组映射
河南大学(中外合作办学),217,无专业组映射
河南师范大学,207,无专业组映射
河南师范大学,208,无专业组映射
河南师范大学,209,无专业组映射
河南师范大学,205,无专业组映射
河南师范大学,206,无专业组映射
信阳师范大学,203,无专业组映射
信阳师范大学(中外合作办学),204,无专业组映射
周口师范学院,205,无专业组映射
周口师范学院,206,无专业组映射
周口师范学院,204,无专业组映射
南阳师范学院,212,无专业组映射
南阳师范学院,213,无专业组映射
南阳师范学院,215,无专业组映射
南阳师范学院,210,无专业组映射
南阳师范学院(中外合作办学),216,无专业组映射
南阳师范学院(中外合作办学),211,无专业组映射
南阳师范学院(联合培养),217,无专业组映射
洛阳师范学院,204,无专业组映射
洛阳师范学院,203,无专业组映射
商丘师范学院,206,无专业组映射
商丘师范学院,207,无专业组映射
商丘师范学院,205,无专业组映射
河南财经政法大学,206,无专业组映射
河南财经政法大学,207,无专业组映射
河南财经政法大学,208,无专业组映射
河南财经政法大学,205,无专业组映射
郑州航空工业管理学院,206,无专业组映射
郑州航空工业管理学院,"育
207",无专业组映射
郑州航空工业管理学院,208,无专业组映射
郑州航空工业管理学院,205,无专业组映射
武汉大学,213,无专业组映射
武汉大学,214,无专业组映射
武汉大学,216,无专业组映射
武汉大学,217,无专业组映射
武汉大学,220,无专业组映射
武汉大学,221,无专业组映射
武汉大学,222,无专业组映射
武汉大学,211,无专业组映射
武汉大学,212,无专业组映射
"教
武汉大学",215,无专业组映射
武汉大学(中外合作办学),218,无专业组映射
"省
武汉大学",219,无专业组映射
"东
华中科技大学",214,无专业组映射
华中科技大学,215,无专业组映射
华中科技大学,212,无专业组映射
华中科技大学(中外合作办学),217,无专业组映射
华中科技大学(中外合作办学),218,无专业组映射
"广
华中科技大学(预防医学)",219,无专业组映射
武汉科技大学,212,无专业组映射
武汉科技大学,213,无专业组映射
武汉科技大学,210,无专业组映射
武汉科技大学(中外合作办学),214,无专业组映射
长江大学,217,无专业组映射
长江大学,220,无专业组映射
长江大学,224,无专业组映射
长江大学,"育
202",无专业组映射
长江大学(中外合作办学),222,无专业组映射
长江大学(中外合作办学),223,无专业组映射
武汉工程大学,207,无专业组映射
武汉工程大学,208,无专业组映射
武汉工程大学(中外合作办学),209,无专业组映射
中国地质大学(武汉),214,无专业组映射
中国地质大学(武汉),215,无专业组映射
中国地质大学(武汉),212,无专业组映射
中国地质大学(武汉),213,无专业组映射
中国地质大学(武汉)(中外合作办学),218,无专业组映射
中国地质大学(武汉)(中外合作办学),219,无专业组映射
中国地质大学(武汉)(中外合作办学),220,无专业组映射
中国地质大学(武汉)(中外合作办学),221,无专业组映射
武汉纺织大学,208,无专业组映射
武汉纺织大学,209,无专业组映射
武汉纺织大学,207,无专业组映射
武汉轻工大学(中外合作办学),210,无专业组映射
武汉轻工大学(中外合作办学),212,无专业组映射
武汉轻工大学(中外合作办学),213,无专业组映射
武汉轻工大学(中外合作办学),209,无专业组映射
武汉轻工大学,211,无专业组映射
武汉轻工大学,208,无专业组映射
武汉理工大学,205,无专业组映射
武汉理工大学,207,无专业组映射
武汉理工大学,216,无专业组映射
武汉理工大学,201,无专业组映射
武汉理工大学(中外合作办学),209,无专业组映射
武汉理工大学(中外合作办学),212,无专业组映射
武汉理工大学(中外合作办学),217,无专业组映射
湖北工业大学,203,无专业组映射
湖北工业大学,212,无专业组映射
湖北工业大学,201,无专业组映射
湖北工业大学(中外合作办学),213,无专业组映射
华中农业大学,220,无专业组映射
华中农业大学,221,无专业组映射
华中农业大学,"育
223",无专业组映射
华中农业大学,224,无专业组映射
华中农业大学,225,无专业组映射
华中农业大学,228,无专业组映射
华中农业大学,216,无专业组映射
华中农业大学,217,无专业组映射
华中农业大学,218,无专业组映射
华中农业大学(中外合作办学),222,无专业组映射
华中农业大学(中外合作办学),226,无专业组映射
"教
华中农业大学(中外合作办学)",227,无专业组映射
湖北中医药大学,211,无专业组映射
湖北中医药大学,212,无专业组映射
湖北中医药大学,214,无专业组映射
湖北中医药大学,208,无专业组映射
湖北中医药大学,209,无专业组映射
湖北中医药大学,210,无专业组映射
"省
湖北中医药大学",213,无专业组映射
华中师范大学,205,无专业组映射
华中师范大学,224,无专业组映射
华中师范大学,226,无专业组映射
华中师范大学,201,无专业组映射
华中师范大学,220,无专业组映射
华中师范大学,221,无专业组映射
"东
华中师范大学",225,无专业组映射
湖北大学,211,无专业组映射
湖北大学,212,无专业组映射
湖北大学,215,无专业组映射
湖北大学,216,无专业组映射
湖北大学,218,无专业组映射
湖北大学,219,无专业组映射
"广
湖北大学",214,无专业组映射
湖北大学(中外合作办学),217,无专业组映射
湖北大学(中外合作办学),213,无专业组映射
湖北师范大学,204,无专业组映射
湖北师范大学,203,无专业组映射
湖北文理学院,206,无专业组映射
湖北文理学院,207,无专业组映射
湖北文理学院,205,无专业组映射
中南财经政法大学,203,无专业组映射
中南财经政法大学,205,无专业组映射
中南财经政法大学,208,无专业组映射
中南财经政法大学(中外合作办学),204,无专业组映射
中南财经政法大学(中外合作办学),206,无专业组映射
中南财经政法大学(中外合作办学),209,无专业组映射
武汉体育学院,212,无专业组映射
武汉体育学院,213,无专业组映射
武汉体育学院,210,无专业组映射
武汉体育学院,211,无专业组映射
中南民族大学,211,无专业组映射
中南民族大学,212,无专业组映射
中南民族大学,213,无专业组映射
中南民族大学,214,无专业组映射
中南民族大学,209,无专业组映射
中南民族大学,210,无专业组映射
湖北汽车工业学院,204,无专业组映射
湖北汽车工业学院(中外合作办学),205,无专业组映射
湖北工程学院,204,无专业组映射
湖北工程学院,205,无专业组映射
湖北工程学院,206,无专业组映射
湘潭大学,213,无专业组映射
湘潭大学,216,无专业组映射
湘潭大学,210,无专业组映射
吉首大学,216,无专业组映射
吉首大学,218,无专业组映射
吉首大学,219,无专业组映射
吉首大学,220,无专业组映射
吉首大学,212,无专业组映射
吉首大学,214,无专业组映射
吉首大学,215,无专业组映射
湖南大学,204,无专业组映射
湖南大学,206,无专业组映射
湖南大学,201,无专业组映射
湖南大学,202,无专业组映射
湖南大学(本科预科班),213,无专业组映射
中南大学,203,无专业组映射
中南大学,207,无专业组映射
中南大学,"育
209",无专业组映射
中南大学,201,无专业组映射
中南大学(中外合作办学),205,无专业组映射
中南大学(中外合作办学),206,无专业组映射
湖南科技大学,217,无专业组映射
湖南科技大学,218,无专业组映射
湖南科技大学,219,无专业组映射
湖南科技大学,221,无专业组映射
湖南科技大学,212,无专业组映射
湖南科技大学,213,无专业组映射
湖南科技大学,214,无专业组映射
湖南科技大学,215,无专业组映射
湖南科技大学,216,无专业组映射
"教
湖南科技大学",220,无专业组映射
长沙理工大学,215,无专业组映射
长沙理工大学,216,无专业组映射
长沙理工大学,218,无专业组映射
长沙理工大学,219,无专业组映射
长沙理工大学,220,无专业组映射
长沙理工大学,224,无专业组映射
长沙理工大学,"育
212",无专业组映射
长沙理工大学,213,无专业组映射
长沙理工大学,214,无专业组映射
"省
长沙理工大学",217,无专业组映射
"东
长沙理工大学(中外合作办学)",221,无专业组映射
长沙理工大学(中外合作办学),222,无专业组映射
长沙理工大学(中外合作办学),223,无专业组映射
"广
湖南农业大学",219,无专业组映射
湖南农业大学,220,无专业组映射
湖南农业大学,222,无专业组映射
湖南农业大学,223,无专业组映射
湖南农业大学,225,无专业组映射
湖南农业大学,215,无专业组映射
湖南农业大学,218,无专业组映射
湖南农业大学(中外合作办学),221,无专业组映射
湖南农业大学(中外合作办学),224,无专业组映射
湖南农业大学(中外合作办学),217,无专业组映射
中南林业科技大学,211,无专业组映射
中南林业科技大学,212,无专业组映射
中南林业科技大学,213,无专业组映射
中南林业科技大学,208,无专业组映射
中南林业科技大学,210,无专业组映射
湖南中医药大学,207,无专业组映射
湖南中医药大学,208,无专业组映射
湖南中医药大学,209,无专业组映射
湖南中医药大学,210,无专业组映射
湖南中医药大学,211,无专业组映射
湖南中医药大学,212,无专业组映射
湖南中医药大学,213,无专业组映射
湖南中医药大学,214,无专业组映射
湖南师范大学,227,无专业组映射
湖南师范大学,229,无专业组映射
湖南师范大学,230,无专业组映射
湖南师范大学,231,无专业组映射
湖南师范大学,232,无专业组映射
湖南师范大学,233,无专业组映射
湖南师范大学,234,无专业组映射
湖南师范大学,236,无专业组映射
湖南师范大学,222,无专业组映射
湖南师范大学,225,无专业组映射
湖南师范大学,226,无专业组映射
湖南理工学院,214,无专业组映射
湖南理工学院,215,无专业组映射
湖南理工学院,212,无专业组映射
湘南学院,219,无专业组映射
湘南学院,222,无专业组映射
湘南学院,224,无专业组映射
湘南学院,217,无专业组映射
衡阳师范学院,210,无专业组映射
衡阳师范学院,211,无专业组映射
衡阳师范学院,212,无专业组映射
衡阳师范学院,213,无专业组映射
衡阳师范学院,208,无专业组映射
衡阳师范学院,209,无专业组映射
邵阳学院,"育
212",无专业组映射
邵阳学院,213,无专业组映射
邵阳学院,214,无专业组映射
邵阳学院,215,无专业组映射
邵阳学院,210,无专业组映射
邵阳学院,211,无专业组映射
"教
邵阳学院",216,无专业组映射
怀化学院,213,无专业组映射
怀化学院,215,无专业组映射
怀化学院,211,无专业组映射
怀化学院,212,无专业组映射
湖南文理学院(中外合作办学),207,无专业组映射
湖南文理学院(中外合作办学),209,无专业组映射
"省
湖南文理学院",208,无专业组映射
湖南科技学院,211,无专业组映射
湖南科技学院,209,无专业组映射
湖南科技学院,210,无专业组映射
湖南人文科技学院,211,无专业组映射
湖南人文科技学院,213,无专业组映射
湖南人文科技学院,214,无专业组映射
湖南人文科技学院,208,无专业组映射
湖南人文科技学院,210,无专业组映射
"东
湖南人文科技学院(中外合作办学)",212,无专业组映射
湖南工商大学,212,无专业组映射
湖南工商大学,215,无专业组映射
湖南工商大学,216,无专业组映射
湖南工商大学,210,无专业组映射
湖南工商大学,211,无专业组映射
"广
湖南工商大学",213,无专业组映射
湖南工商大学(中外合作办学),214,无专业组映射
南华大学,215,无专业组映射
南华大学,216,无专业组映射
南华大学,217,无专业组映射
南华大学,218,无专业组映射
南华大学,219,无专业组映射
南华大学,220,无专业组映射
南华大学,221,无专业组映射
南华大学,212,无专业组映射
南华大学,213,无专业组映射
南华大学,214,无专业组映射
暨南大学(中外合作办学),223,无专业组映射
暨南大学(中外合作办学),224,无专业组映射
汕头大学(地方专项),209,无专业组映射
汕头大学(地方专项),210,无专业组映射
汕头大学(地方专项),207,无专业组映射
汕头大学(地方专项),208,无专业组映射
"教
华南理工大学",213,无专业组映射
"教
华南理工大学",211,无专业组映射
"省
华南农业大学",210,无专业组映射
"省
华南农业大学",205,无专业组映射
"东
华南农业大学",215,无专业组映射
"东
华南农业大学",208,无专业组映射
"广
华南农业大学",219,无专业组映射
华南农业大学(国际班),251,无专业组映射
华南农业大学(国际班),252,无专业组映射
华南农业大学(国际班),209,无专业组映射
华南农业大学(中外合作办学),253,无专业组映射
华南农业大学(地方专项),271,无专业组映射
广东海洋大学(地方专项),219,无专业组映射
广东海洋大学(地方专项),220,无专业组映射
广东海洋大学(地方专项),221,无专业组映射
广东海洋大学(地方专项),232,无专业组映射
广东海洋大学(地方专项),233,无专业组映射
"教
广州医科大学",202,无专业组映射
广州医科大学,203,无专业组映射
广州医科大学,204,无专业组映射
广州医科大学,205,无专业组映射
广州医科大学(地方专项),206,无专业组映射
广州医科大学(地方专项),208,无专业组映射
"省
广东医科大学",201,无专业组映射
广东医科大学,202,无专业组映射
广东医科大学,203,无专业组映射
广东医科大学,204,无专业组映射
广东医科大学,206,无专业组映射
广东医科大学,207,无专业组映射
广东医科大学,208,无专业组映射
广东医科大学,212,无专业组映射
"东
广东医科大学",205,无专业组映射
"广
广东医科大学(地方专项)",209,无专业组映射
广东医科大学(协同培养),210,无专业组映射
广东医科大学(协同培养),211,无专业组映射
广州中医药大学(地方专项),214,无专业组映射
广州中医药大学(地方专项),215,无专业组映射
广州中医药大学(地方专项),216,无专业组映射
广州中医药大学(地方专项),217,无专业组映射
广州中医药大学(地方专项),218,无专业组映射
广州中医药大学(地方专项),219,无专业组映射
广东药科大学(国际班),206,无专业组映射
广东药科大学(国际班),209,无专业组映射
广东药科大学(国际班),212,无专业组映射
"教
华南师范大学",235,无专业组映射
"省
华南师范大学",239,无专业组映射
华南师范大学(中外合作办学),241,无专业组映射
华南师范大学(中外合作办学),242,无专业组映射
华南师范大学(中外合作办学),218,无专业组映射
"东
华南师范大学(联合培养)",243,无专业组映射
华南师范大学(联合培养),244,无专业组映射
华南师范大学(地方专项),245,无专业组映射
华南师范大学(地方专项),246,无专业组映射
华南师范大学(地方专项),248,无专业组映射
华南师范大学(地方专项),249,无专业组映射
华南师范大学(地方专项),250,无专业组映射
华南师范大学(地方专项),251,无专业组映射
华南师范大学(地方专项),211,无专业组映射
华南师范大学(地方专项),212,无专业组映射
华南师范大学(地方专项),"育
213",无专业组映射
华南师范大学(地方专项),214,无专业组映射
华南师范大学(地方专项),215,无专业组映射
华南师范大学(地方专项),216,无专业组映射
华南师范大学(地方专项),269,无专业组映射
"广
华南师范大学(地方专项)",247,无专业组映射
韶关学院(协同培养),234,无专业组映射
韶关学院(协同培养),247,无专业组映射
韶关学院(学分互认),248,无专业组映射
韶关学院(学分互认),249,无专业组映射
韶关学院(学分互认),216,无专业组映射
韶关学院(学分互认),217,无专业组映射
韶关学院(校企联合培养),250,无专业组映射
"教
惠州学院",225,无专业组映射
"省
惠州学院",229,无专业组映射
"东
惠州学院",233,无专业组映射
"广
惠州学院",237,无专业组映射
惠州学院(中外合作办学),242,无专业组映射
惠州学院(中外合作办学),214,无专业组映射
惠州学院(联合培养),243,无专业组映射
惠州学院(联合培养),213,无专业组映射
韩山师范学院,213,无专业组映射
韩山师范学院,214,无专业组映射
韩山师范学院,215,无专业组映射
韩山师范学院,216,无专业组映射
韩山师范学院,217,无专业组映射
韩山师范学院,218,无专业组映射
韩山师范学院,219,无专业组映射
韩山师范学院,220,无专业组映射
韩山师范学院,221,无专业组映射
韩山师范学院,222,无专业组映射
韩山师范学院,223,无专业组映射
韩山师范学院,224,无专业组映射
韩山师范学院,228,无专业组映射
韩山师范学院,203,无专业组映射
韩山师范学院,204,无专业组映射
韩山师范学院,206,无专业组映射
韩山师范学院,207,无专业组映射
韩山师范学院,208,无专业组映射
韩山师范学院,209,无专业组映射
韩山师范学院(协同培养),225,无专业组映射
韩山师范学院(协同培养),226,无专业组映射
韩山师范学院(协同培养),227,无专业组映射
韩山师范学院(协同培养),210,无专业组映射
韩山师范学院(联合培养),229,无专业组映射
韩山师范学院(联合培养),212,无专业组映射
岭南师范学院,207,无专业组映射
岭南师范学院,209,无专业组映射
岭南师范学院,210,无专业组映射
岭南师范学院,211,无专业组映射
岭南师范学院,213,无专业组映射
岭南师范学院,214,无专业组映射
岭南师范学院,215,无专业组映射
岭南师范学院,216,无专业组映射
岭南师范学院,217,无专业组映射
岭南师范学院,218,无专业组映射
岭南师范学院,219,无专业组映射
岭南师范学院,"育
220",无专业组映射
岭南师范学院,221,无专业组映射
岭南师范学院,222,无专业组映射
岭南师范学院,223,无专业组映射
岭南师范学院,225,无专业组映射
岭南师范学院,203,无专业组映射
岭南师范学院,204,无专业组映射
岭南师范学院,"育
205",无专业组映射
岭南师范学院,206,无专业组映射
"教
岭南师范学院",224,无专业组映射
岭南师范学院(中外合作办学),226,无专业组映射
"省
肇庆学院(联合培养)",212,无专业组映射
"东
肇庆学院(联合培养)",216,无专业组映射
"广
肇庆学院",220,无专业组映射
肇庆学院(联合培养),223,无专业组映射
肇庆学院(联合培养),229,无专业组映射
肇庆学院(联合培养),202,无专业组映射
肇庆学院(联合培养),206,无专业组映射
嘉应学院,203,无专业组映射
嘉应学院,204,无专业组映射
嘉应学院,205,无专业组映射
嘉应学院,206,无专业组映射
嘉应学院,207,无专业组映射
嘉应学院,208,无专业组映射
嘉应学院,210,无专业组映射
嘉应学院,211,无专业组映射
嘉应学院,212,无专业组映射
嘉应学院,213,无专业组映射
嘉应学院,214,无专业组映射
嘉应学院,215,无专业组映射
嘉应学院,217,无专业组映射
嘉应学院,218,无专业组映射
嘉应学院,219,无专业组映射
嘉应学院,222,无专业组映射
嘉应学院,223,无专业组映射
嘉应学院,224,无专业组映射
嘉应学院,226,无专业组映射
嘉应学院,227,无专业组映射
嘉应学院,228,无专业组映射
嘉应学院,229,无专业组映射
嘉应学院,230,无专业组映射
嘉应学院(协同培养),209,无专业组映射
嘉应学院(联合培养),221,无专业组映射
嘉应学院(联合培养),231,无专业组映射
嘉应学院(联合培养),232,无专业组映射
广东技术师范大学(地方专项),205,无专业组映射
广东技术师范大学(地方专项),234,无专业组映射
广东技术师范大学(地方专项),235,无专业组映射
"教
广东技术师范大学",206,无专业组映射
"省
广东技术师范大学",210,无专业组映射
"东
广东技术师范大学",214,无专业组映射
"广
广东技术师范大学",218,无专业组映射
广东技术师范大学(国际班),225,无专业组映射
广东技术师范大学(国际班),226,无专业组映射
广东技术师范大学(国际班),227,无专业组映射
广东技术师范大学(国际班),228,无专业组映射
广东技术师范大学(国际班),229,无专业组映射
广东技术师范大学(国际班),245,无专业组映射
广东技术师范大学(国际班),246,无专业组映射
广东技术师范大学(国际班),247,无专业组映射
广东技术师范大学(少数民族班),230,无专业组映射
广东技术师范大学(少数民族班),231,无专业组映射
广东技术师范大学(少数民族班),248,无专业组映射
海南大学,223,无专业组映射
海南大学,226,无专业组映射
海南大学,227,无专业组映射
海南大学,228,无专业组映射
海南大学,230,无专业组映射
海南大学,217,无专业组映射
海南大学,218,无专业组映射
海南大学,219,无专业组映射
海南大学,222,无专业组映射
海南大学(中外合作办学),224,无专业组映射
海南大学(中外合作办学),225,无专业组映射
海南大学(中外合作办学),229,无专业组映射
海南大学(中外合作办学),232,无专业组映射
海南大学(中外合作办学),220,无专业组映射
海南大学(中外合作办学),"育
221",无专业组映射
海南大学(中外合作办学),231,无专业组映射
"教
深圳大学",239,无专业组映射
"教
深圳大学",202,无专业组映射
"省
深圳大学(中外合作办学)",243,无专业组映射
深圳大学(地方专项),251,无专业组映射
深圳大学(地方专项),252,无专业组映射
深圳大学(地方专项),253,无专业组映射
深圳大学(地方专项),255,无专业组映射
深圳大学(地方专项),256,无专业组映射
深圳大学(地方专项),211,无专业组映射
"东
深圳大学(地方专项)",254,无专业组映射
"广
广东财经大学",204,无专业组映射
"广
广东财经大学",212,无专业组映射
广东财经大学(联合培养),215,无专业组映射
广东财经大学(联合培养),216,无专业组映射
广东财经大学(联合培养),214,无专业组映射
广东财经大学(地方专项),219,无专业组映射
广东财经大学(地方专项),220,无专业组映射
广西大学,204,无专业组映射
广西大学,205,无专业组映射
广西大学,206,无专业组映射
广西科技大学,205,无专业组映射
广西科技大学,206,无专业组映射
广西科技大学,207,无专业组映射
桂林电子科技大学,206,无专业组映射
桂林电子科技大学,207,无专业组映射
桂林电子科技大学(中外合作办学),208,无专业组映射
桂林电子科技大学(本科预科班),210,无专业组映射
桂林电子科技大学(本科预科班),209,无专业组映射
桂林理工大学,211,无专业组映射
桂林理工大学,212,无专业组映射
桂林理工大学,208,无专业组映射
桂林理工大学(中外合作办学),213,无专业组映射
桂林理工大学(中外合作办学),214,无专业组映射
广西医科大学,206,无专业组映射
广西医科大学,208,无专业组映射
广西医科大学,209,无专业组映射
广西医科大学,210,无专业组映射
广西医科大学,212,无专业组映射
广西医科大学,213,无专业组映射
广西医科大学,205,无专业组映射
右江民族医学院,210,无专业组映射
右江民族医学院,211,无专业组映射
右江民族医学院,212,无专业组映射
右江民族医学院,213,无专业组映射
右江民族医学院,214,无专业组映射
右江民族医学院,"育
215",无专业组映射
右江民族医学院,216,无专业组映射
右江民族医学院,217,无专业组映射
右江民族医学院,208,无专业组映射
右江民族医学院,209,无专业组映射
广西中医药大学,207,无专业组映射
广西中医药大学,209,无专业组映射
广西中医药大学,211,无专业组映射
广西中医药大学,206,无专业组映射
"教
广西中医药大学",208,无专业组映射
广西中医药大学(联合培养),210,无专业组映射
"省
广西中医药大学",212,无专业组映射
桂林医科大学,204,无专业组映射
桂林医科大学(联合培养),205,无专业组映射
桂林医科大学(联合培养),206,无专业组映射
"东
广西师范大学",219,无专业组映射
广西师范大学,220,无专业组映射
广西师范大学,221,无专业组映射
广西师范大学,222,无专业组映射
广西师范大学,224,无专业组映射
广西师范大学,216,无专业组映射
广西师范大学,217,无专业组映射
广西师范大学,218,无专业组映射
广西师范大学,226,无专业组映射
"广
广西师范大学",223,无专业组映射
南宁师范大学,213,无专业组映射
南宁师范大学,214,无专业组映射
南宁师范大学,215,无专业组映射
南宁师范大学,216,无专业组映射
南宁师范大学,217,无专业组映射
南宁师范大学,219,无专业组映射
南宁师范大学,220,无专业组映射
南宁师范大学,211,无专业组映射
南宁师范大学,212,无专业组映射
南宁师范大学(桂台合作办学),218,无专业组映射
河池学院,203,无专业组映射
河池学院,204,无专业组映射
玉林师范学院,217,无专业组映射
玉林师范学院,218,无专业组映射
玉林师范学院,219,无专业组映射
玉林师范学院,220,无专业组映射
玉林师范学院,213,无专业组映射
玉林师范学院,214,无专业组映射
玉林师范学院,215,无专业组映射
玉林师范学院,216,无专业组映射
广西艺术学院,215,无专业组映射
广西艺术学院,214,无专业组映射
广西民族大学(联合培养),212,无专业组映射
广西民族大学(联合培养),213,无专业组映射
广西民族大学(联合培养),221,无专业组映射
广西民族大学(联合培养),223,无专业组映射
广西民族大学(联合培养),227,无专业组映射
广西民族大学,214,无专业组映射
广西民族大学,215,无专业组映射
广西民族大学,216,无专业组映射
广西民族大学,217,无专业组映射
广西民族大学,218,无专业组映射
广西民族大学,219,无专业组映射
广西民族大学,220,无专业组映射
广西民族大学,224,无专业组映射
四川大学,203,无专业组映射
四川大学,206,无专业组映射
四川大学,207,无专业组映射
四川大学,209,无专业组映射
四川大学,211,无专业组映射
重庆大学,213,无专业组映射
重庆大学,215,无专业组映射
重庆大学,211,无专业组映射
重庆大学,212,无专业组映射
重庆大学,216,无专业组映射
重庆大学(中外合作办学),214,无专业组映射
西南交通大学,212,无专业组映射
西南交通大学,213,无专业组映射
西南交通大学,210,无专业组映射
西南交通大学,211,无专业组映射
西南交通大学(中外合作办学),216,无专业组映射
西南交通大学(中外合作办学),217,无专业组映射
电子科技大学,"育
205",无专业组映射
电子科技大学,"育
204",无专业组映射
西南石油大学,217,无专业组映射
西南石油大学,218,无专业组映射
西南石油大学,219,无专业组映射
西南石油大学,221,无专业组映射
西南石油大学,204,无专业组映射
西南石油大学,205,无专业组映射
西南石油大学,212,无专业组映射
西南石油大学,214,无专业组映射
西南石油大学,216,无专业组映射
"教
西南石油大学",220,无专业组映射
"教
西南石油大学",213,无专业组映射
成都理工大学,217,无专业组映射
成都理工大学,218,无专业组映射
成都理工大学,220,无专业组映射
成都理工大学,221,无专业组映射
成都理工大学,222,无专业组映射
成都理工大学,226,无专业组映射
成都理工大学,227,无专业组映射
成都理工大学,214,无专业组映射
"省
成都理工大学(中外合作办学)",219,无专业组映射
"东
成都理工大学",223,无专业组映射
成都理工大学(中外合作办学),225,无专业组映射
成都理工大学(中外合作办学),216,无专业组映射
"广
成都理工大学",228,无专业组映射
重庆邮电大学,207,无专业组映射
重庆邮电大学,209,无专业组映射
重庆邮电大学,206,无专业组映射
重庆邮电大学(中外合作办学),208,无专业组映射
重庆交通大学,208,无专业组映射
重庆交通大学,209,无专业组映射
重庆交通大学,207,无专业组映射
西南科技大学,210,无专业组映射
西南科技大学,211,无专业组映射
西南科技大学,208,无专业组映射
西南科技大学,209,无专业组映射
西南科技大学(中外合作办学),212,无专业组映射
成都信息工程大学,207,无专业组映射
成都信息工程大学,210,无专业组映射
成都信息工程大学,212,无专业组映射
四川轻化工大学,207,无专业组映射
四川轻化工大学,208,无专业组映射
四川轻化工大学,209,无专业组映射
四川轻化工大学,210,无专业组映射
四川轻化工大学,206,无专业组映射
西华大学,205,无专业组映射
西华大学,206,无专业组映射
西华大学,204,无专业组映射
西华大学(本科预科班),208,无专业组映射
西华大学(本科预科班),207,无专业组映射
中国民用航空飞行学院,214,无专业组映射
中国民用航空飞行学院,215,无专业组映射
中国民用航空飞行学院,216,无专业组映射
中国民用航空飞行学院,217,无专业组映射
中国民用航空飞行学院,218,无专业组映射
中国民用航空飞行学院,211,无专业组映射
中国民用航空飞行学院,212,无专业组映射
中国民用航空飞行学院,213,无专业组映射
四川农业大学,205,无专业组映射
四川农业大学,206,无专业组映射
四川农业大学,208,无专业组映射
西昌学院,203,无专业组映射
西昌学院,204,无专业组映射
重庆医科大学(中外合作办学),204,无专业组映射
重庆医科大学,205,无专业组映射
西南医科大学,202,无专业组映射
成都中医药大学,210,无专业组映射
成都中医药大学,211,无专业组映射
成都中医药大学,213,无专业组映射
成都中医药大学,"育
214",无专业组映射
成都中医药大学,215,无专业组映射
成都中医药大学,216,无专业组映射
成都中医药大学,208,无专业组映射
成都中医药大学(中外合作办学),212,无专业组映射
成都中医药大学(中外合作办学),217,无专业组映射
成都中医药大学(中外合作办学),209,无专业组映射
"教
成都中医药大学(联合培养)",219,无专业组映射
川北医学院,208,无专业组映射
川北医学院,209,无专业组映射
川北医学院,210,无专业组映射
川北医学院,206,无专业组映射
川北医学院,207,无专业组映射
"省
西南大学",219,无专业组映射
西南大学,220,无专业组映射
西南大学,222,无专业组映射
西南大学,226,无专业组映射
西南大学,217,无专业组映射
西南大学,218,无专业组映射
西南大学,229,无专业组映射
西南大学(中外合作办学),221,无专业组映射
西南大学(中外合作办学),224,无专业组映射
西南大学(中外合作办学),225,无专业组映射
西南大学(中外合作办学),228,无专业组映射
"东
西南大学",223,无专业组映射
"广
西南大学",227,无专业组映射
四川师范大学(联合培养),216,无专业组映射
四川师范大学(联合培养),217,无专业组映射
四川师范大学(联合培养),203,无专业组映射
四川师范大学,218,无专业组映射
四川师范大学,219,无专业组映射
四川师范大学,220,无专业组映射
四川师范大学,221,无专业组映射
四川师范大学,200,无专业组映射
四川师范大学,201,无专业组映射
四川师范大学,202,无专业组映射
四川师范大学,205,无专业组映射
重庆师范大学,209,无专业组映射
重庆师范大学,210,无专业组映射
重庆师范大学,211,无专业组映射
重庆师范大学,212,无专业组映射
重庆师范大学,207,无专业组映射
重庆师范大学,208,无专业组映射
西华师范大学,209,无专业组映射
西华师范大学,210,无专业组映射
西华师范大学,211,无专业组映射
西华师范大学,212,无专业组映射
西华师范大学,207,无专业组映射
西华师范大学,208,无专业组映射
内江师范学院,214,无专业组映射
内江师范学院,215,无专业组映射
内江师范学院,216,无专业组映射
内江师范学院,217,无专业组映射
内江师范学院,218,无专业组映射
内江师范学院,213,无专业组映射
重庆文理学院,203,无专业组映射
重庆文理学院,204,无专业组映射
重庆三峡学院,206,无专业组映射
重庆三峡学院,204,无专业组映射
重庆三峡学院,205,无专业组映射
四川文理学院,208,无专业组映射
四川文理学院,209,无专业组映射
四川文理学院,206,无专业组映射
四川文理学院,207,无专业组映射
长江师范学院,207,无专业组映射
长江师范学院,208,无专业组映射
长江师范学院,209,无专业组映射
长江师范学院,"育
206",无专业组映射
乐山师范学院,206,无专业组映射
乐山师范学院,207,无专业组映射
乐山师范学院,205,无专业组映射
四川外国语大学,216,无专业组映射
四川外国语大学,218,无专业组映射
四川外国语大学,220,无专业组映射
四川外国语大学,211,无专业组映射
四川外国语大学,215,无专业组映射
四川外国语大学(中外合作办学),217,无专业组映射
四川外国语大学(中外合作办学),219,无专业组映射
四川外国语大学(中外合作办学),212,无专业组映射
四川外国语大学(中外合作办学),214,无专业组映射
西南财经大学,"育
209",无专业组映射
西南财经大学,211,无专业组映射
西南财经大学,207,无专业组映射
西南财经大学(中外合作办学),210,无专业组映射
西南财经大学(中外合作办学),212,无专业组映射
"教
西南政法大学",207,无专业组映射
西南政法大学(中外合作办学),208,无专业组映射
西南政法大学(中外合作办学),206,无专业组映射
四川美术学院,207,无专业组映射
四川美术学院,208,无专业组映射
四川美术学院,206,无专业组映射
"省
西南民族大学",210,无专业组映射
西南民族大学,211,无专业组映射
西南民族大学,212,无专业组映射
西南民族大学,213,无专业组映射
西南民族大学,209,无专业组映射
"东
西南民族大学",214,无专业组映射
贵州大学,211,无专业组映射
贵州大学,213,无专业组映射
贵州大学,218,无专业组映射
贵州大学,209,无专业组映射
贵州大学,210,无专业组映射
贵州大学(中外合作办学),212,无专业组映射
贵州大学(中外合作办学),215,无专业组映射
贵州大学(中外合作办学),216,无专业组映射
贵州大学(中外合作办学),217,无专业组映射
"广
贵州大学",214,无专业组映射
贵州医科大学(联合培养),201,无专业组映射
贵州医科大学(联合培养),202,无专业组映射
贵州医科大学(联合培养),204,无专业组映射
贵州医科大学(中外合作办学),205,无专业组映射
贵州医科大学,206,无专业组映射
贵州医科大学,207,无专业组映射
贵州医科大学,208,无专业组映射
贵州医科大学,209,无专业组映射
遵义医科大学,211,无专业组映射
遵义医科大学,212,无专业组映射
遵义医科大学,213,无专业组映射
遵义医科大学,214,无专业组映射
遵义医科大学,215,无专业组映射
遵义医科大学,216,无专业组映射
遵义医科大学,208,无专业组映射
遵义医科大学,209,无专业组映射
遵义医科大学,210,无专业组映射
遵义医科大学,217,无专业组映射
贵州中医药大学,209,无专业组映射
贵州中医药大学,210,无专业组映射
贵州中医药大学,211,无专业组映射
贵州中医药大学,207,无专业组映射
贵州中医药大学,208,无专业组映射
贵州中医药大学(中外合作办学),212,无专业组映射
贵州师范大学,212,无专业组映射
贵州师范大学,213,无专业组映射
贵州师范大学,215,无专业组映射
贵州师范大学,216,无专业组映射
贵州师范大学,209,无专业组映射
贵州师范大学,210,无专业组映射
安顺学院,210,无专业组映射
安顺学院,212,无专业组映射
安顺学院,207,无专业组映射
安顺学院,208,无专业组映射
安顺学院,209,无专业组映射
贵州工程应用技术学院,208,无专业组映射
贵州工程应用技术学院,209,无专业组映射
贵州工程应用技术学院,210,无专业组映射
贵州工程应用技术学院,206,无专业组映射
贵州工程应用技术学院,207,无专业组映射
凯里学院,206,无专业组映射
凯里学院,207,无专业组映射
凯里学院,208,无专业组映射
贵州财经大学,"育
206",无专业组映射
贵州财经大学,208,无专业组映射
贵州财经大学,205,无专业组映射
贵州财经大学(中外合作办学),207,无专业组映射
贵州财经大学(中外合作办学),209,无专业组映射
"教
贵州民族大学",206,无专业组映射
贵州民族大学,207,无专业组映射
贵州民族大学,208,无专业组映射
贵州民族大学,209,无专业组映射
贵州民族大学,211,无专业组映射
"省
贵州民族大学",210,无专业组映射
云南大学,215,无专业组映射
云南大学,216,无专业组映射
云南大学,219,无专业组映射
云南大学,212,无专业组映射
云南大学,213,无专业组映射
云南大学,214,无专业组映射
"东
云南大学",217,无专业组映射
云南大学(中外合作办学),218,无专业组映射
云南大学(中外合作办学),220,无专业组映射
云南大学(中外合作办学),222,无专业组映射
"广
云南大学",221,无专业组映射
昆明理工大学,205,无专业组映射
昆明理工大学,206,无专业组映射
昆明理工大学,204,无专业组映射
云南农业大学,206,无专业组映射
云南农业大学,207,无专业组映射
云南农业大学,209,无专业组映射
云南农业大学,211,无专业组映射
云南农业大学(中外合作办学),208,无专业组映射
云南农业大学(中外合作办学),210,无专业组映射
西南林业大学,206,无专业组映射
西南林业大学,207,无专业组映射
西南林业大学,209,无专业组映射
西南林业大学(中外合作办学),208,无专业组映射
昆明医科大学,203,无专业组映射
昆明医科大学(中外合作办学),204,无专业组映射
大理大学,206,无专业组映射
大理大学,207,无专业组映射
大理大学,208,无专业组映射
大理大学,205,无专业组映射
云南中医药大学,203,无专业组映射
云南中医药大学,204,无专业组映射
云南师范大学,208,无专业组映射
云南师范大学,209,无专业组映射
云南师范大学,206,无专业组映射
云南师范大学,207,无专业组映射
普洱学院,202,无专业组映射
红河学院,205,无专业组映射
红河学院,204,无专业组映射
云南财经大学,210,无专业组映射
云南财经大学,212,无专业组映射
云南财经大学,207,无专业组映射
云南财经大学,209,无专业组映射
云南财经大学(中外合作办学),211,无专业组映射
云南财经大学(中外合作办学),"育
208",无专业组映射
云南财经大学(中外合作办学),214,无专业组映射
云南民族大学,206,无专业组映射
云南民族大学,205,无专业组映射
西藏大学,221,无专业组映射
西藏大学,222,无专业组映射
西藏大学,223,无专业组映射
西藏大学,224,无专业组映射
西藏大学,225,无专业组映射
西藏大学,226,无专业组映射
西藏大学,"育
227",无专业组映射
西藏大学,215,无专业组映射
西藏大学,216,无专业组映射
西藏大学,218,无专业组映射
西藏大学,219,无专业组映射
西北大学,209,无专业组映射
西北大学,210,无专业组映射
西北大学,211,无专业组映射
西北大学,207,无专业组映射
西北大学,208,无专业组映射
"教
西北大学(中外合作办学)",212,无专业组映射
西北大学(中外合作办学),213,无专业组映射
西安交通大学,207,无专业组映射
西安交通大学,208,无专业组映射
西安交通大学,210,无专业组映射
西安交通大学,206,无专业组映射
"省
西安交通大学(中外合作办学)",209,无专业组映射
西安交通大学(中外合作办学),211,无专业组映射
西北工业大学,207,无专业组映射
西北工业大学,206,无专业组映射
"东
西北工业大学(中外合作办学)",208,无专业组映射
西北工业大学(中外合作办学),209,无专业组映射
西安理工大学,203,无专业组映射
西安理工大学(中外合作办学),204,无专业组映射
"广
西安电子科技大学",205,无专业组映射
西安电子科技大学(中外合作办学),206,无专业组映射
西安电子科技大学(中外合作办学),208,无专业组映射
西安电子科技大学,207,无专业组映射
西安工业大学,206,无专业组映射
西安工业大学,207,无专业组映射
西安工业大学,205,无专业组映射
西安工业大学(中外合作办学),208,无专业组映射
西安建筑科技大学,207,无专业组映射
西安建筑科技大学,209,无专业组映射
西安建筑科技大学,206,无专业组映射
西安建筑科技大学(中外合作办学),208,无专业组映射
西安建筑科技大学(中外合作办学),210,无专业组映射
西安科技大学,205,无专业组映射
西安科技大学,206,无专业组映射
西安科技大学,207,无专业组映射
西安石油大学,207,无专业组映射
西安石油大学,208,无专业组映射
西安石油大学,205,无专业组映射
西安石油大学,206,无专业组映射
陕西科技大学,206,无专业组映射
陕西科技大学,205,无专业组映射
陕西科技大学(中外合作办学),207,无专业组映射
西安工程大学,207,无专业组映射
西安工程大学,209,无专业组映射
长安大学,214,无专业组映射
长安大学,216,无专业组映射
长安大学,212,无专业组映射
长安大学,222,无专业组映射
长安大学(中外合作办学),220,无专业组映射
长安大学(中外合作办学),221,无专业组映射
西北农林科技大学,213,无专业组映射
西北农林科技大学,215,无专业组映射
西北农林科技大学,216,无专业组映射
西北农林科技大学,219,无专业组映射
西北农林科技大学,221,无专业组映射
西北农林科技大学,222,无专业组映射
西北农林科技大学,223,无专业组映射
西北农林科技大学,224,无专业组映射
西北农林科技大学,211,无专业组映射
西北农林科技大学,212,无专业组映射
西北农林科技大学(中外合作办学),217,无专业组映射
西北农林科技大学(中外合作办学),220,无专业组映射
陕西中医药大学,203,无专业组映射
陕西中医药大学,"育
204",无专业组映射
陕西师范大学,218,无专业组映射
陕西师范大学,219,无专业组映射
陕西师范大学,220,无专业组映射
陕西师范大学,222,无专业组映射
陕西师范大学,223,无专业组映射
陕西师范大学,227,无专业组映射
陕西师范大学,215,无专业组映射
陕西师范大学,216,无专业组映射
陕西师范大学,217,无专业组映射
陕西师范大学,226,无专业组映射
"教
陕西师范大学",221,无专业组映射
陕西师范大学(中外合作办学),224,无专业组映射
"省
陕西师范大学",225,无专业组映射
延安大学,207,无专业组映射
延安大学,206,无专业组映射
陕西理工大学,209,无专业组映射
陕西理工大学,211,无专业组映射
陕西理工大学,207,无专业组映射
陕西理工大学,208,无专业组映射
"东
陕西理工大学",210,无专业组映射
宝鸡文理学院,202,无专业组映射
咸阳师范学院,206,无专业组映射
咸阳师范学院,208,无专业组映射
咸阳师范学院,205,无专业组映射
"广
咸阳师范学院",207,无专业组映射
西安外国语大学,206,无专业组映射
西安外国语大学,207,无专业组映射
西安外国语大学,208,无专业组映射
西安外国语大学,205,无专业组映射
西北政法大学,204,无专业组映射
兰州大学,214,无专业组映射
兰州大学,215,无专业组映射
兰州大学,216,无专业组映射
兰州大学,217,无专业组映射
兰州大学,218,无专业组映射
兰州大学,211,无专业组映射
兰州大学,212,无专业组映射
兰州大学,213,无专业组映射
兰州理工大学,207,无专业组映射
兰州理工大学,208,无专业组映射
兰州理工大学,209,无专业组映射
兰州理工大学,206,无专业组映射
兰州交通大学,211,无专业组映射
兰州交通大学,212,无专业组映射
兰州交通大学,210,无专业组映射
甘肃农业大学,205,无专业组映射
甘肃农业大学,206,无专业组映射
甘肃农业大学,204,无专业组映射
甘肃中医药大学,206,无专业组映射
甘肃中医药大学,207,无专业组映射
甘肃中医药大学,208,无专业组映射
甘肃中医药大学,205,无专业组映射
西北师范大学,213,无专业组映射
西北师范大学,214,无专业组映射
西北师范大学,215,无专业组映射
西北师范大学,216,无专业组映射
西北师范大学,211,无专业组映射
西北师范大学,212,无专业组映射
兰州城市学院,202,无专业组映射
陇东学院,208,无专业组映射
陇东学院,209,无专业组映射
陇东学院,"育
206",无专业组映射
陇东学院,207,无专业组映射
天水师范大学,210,无专业组映射
天水师范大学,211,无专业组映射
天水师范大学,212,无专业组映射
天水师范大学,213,无专业组映射
天水师范大学,214,无专业组映射
天水师范大学,208,无专业组映射
天水师范大学,209,无专业组映射
兰州财经大学(联合培养),208,无专业组映射
兰州财经大学(联合培养),212,无专业组映射
兰州财经大学(联合培养),211,无专业组映射
兰州财经大学(联合培养),213,无专业组映射
兰州财经大学,209,无专业组映射
兰州财经大学,"育
210",无专业组映射
兰州财经大学,207,无专业组映射
西北民族大学,210,无专业组映射
西北民族大学,211,无专业组映射
西北民族大学,208,无专业组映射
西北民族大学,209,无专业组映射
"教
青海大学",208,无专业组映射
青海大学,209,无专业组映射
青海大学,210,无专业组映射
青海大学,211,无专业组映射
"省
青海大学",212,无专业组映射
青海师范大学,207,无专业组映射
青海师范大学,208,无专业组映射
青海师范大学,205,无专业组映射
青海师范大学,206,无专业组映射
青海民族大学,204,无专业组映射
青海民族大学,203,无专业组映射
"东
宁夏大学",206,无专业组映射
宁夏大学,207,无专业组映射
宁夏大学(中外合作办学),208,无专业组映射
宁夏医科大学,204,无专业组映射
宁夏医科大学,206,无专业组映射
宁夏医科大学,207,无专业组映射
宁夏医科大学,208,无专业组映射
宁夏医科大学,209,无专业组映射
"广
宁夏医科大学",205,无专业组映射
宁夏师范大学,207,无专业组映射
宁夏师范大学,208,无专业组映射
宁夏师范大学,204,无专业组映射
宁夏师范大学,205,无专业组映射
宁夏师范大学,206,无专业组映射
新疆大学,210,无专业组映射
新疆大学,211,无专业组映射
新疆大学,212,无专业组映射
新疆大学,213,无专业组映射
新疆大学,214,无专业组映射
新疆大学,208,无专业组映射
新疆大学,209,无专业组映射
塔里木大学,206,无专业组映射
塔里木大学,207,无专业组映射
塔里木大学,208,无专业组映射
塔里木大学,209,无专业组映射
塔里木大学,210,无专业组映射
新疆农业大学,212,无专业组映射
新疆农业大学,213,无专业组映射
新疆农业大学,214,无专业组映射
新疆农业大学,215,无专业组映射
新疆农业大学,209,无专业组映射
新疆农业大学,210,无专业组映射
新疆农业大学,211,无专业组映射
新疆农业大学(中外合作办学),216,无专业组映射
石河子大学,209,无专业组映射
石河子大学,211,无专业组映射
石河子大学,212,无专业组映射
新疆医科大学,205,无专业组映射
新疆医科大学,206,无专业组映射
新疆医科大学,207,无专业组映射
新疆师范大学,214,无专业组映射
新疆师范大学,215,无专业组映射
新疆师范大学,216,无专业组映射
新疆师范大学,217,无专业组映射
新疆师范大学,218,无专业组映射
新疆师范大学,219,无专业组映射
新疆师范大学,211,无专业组映射
新疆师范大学,212,无专业组映射
新疆师范大学,213,无专业组映射
喀什大学,213,无专业组映射
喀什大学,"育
214",无专业组映射
喀什大学,215,无专业组映射
喀什大学,216,无专业组映射
喀什大学,217,无专业组映射
喀什大学,210,无专业组映射
喀什大学,211,无专业组映射
喀什大学,212,无专业组映射
"教
伊犁师范大学",214,无专业组映射
伊犁师范大学,215,无专业组映射
伊犁师范大学,216,无专业组映射
伊犁师范大学,217,无专业组映射
伊犁师范大学,219,无专业组映射
伊犁师范大学,220,无专业组映射
伊犁师范大学,211,无专业组映射
伊犁师范大学,212,无专业组映射
伊犁师范大学,213,无专业组映射
"省
伊犁师范大学",218,无专业组映射
新疆和田学院,212,无专业组映射
新疆和田学院,214,无专业组映射
新疆和田学院,215,无专业组映射
新疆和田学院,216,无专业组映射
新疆和田学院,209,无专业组映射
新疆和田学院,210,无专业组映射
新疆和田学院,211,无专业组映射
"东
新疆和田学院",213,无专业组映射
"广
新疆财经大学",211,无专业组映射
新疆财经大学,212,无专业组映射
新疆财经大学,213,无专业组映射
新疆财经大学,214,无专业组映射
新疆财经大学,209,无专业组映射
新疆财经大学,210,无专业组映射
新疆艺术学院,211,无专业组映射
新疆艺术学院,210,无专业组映射
天津城建大学,215,无专业组映射
天津城建大学,217,无专业组映射
天津城建大学,218,无专业组映射
天津城建大学,219,无专业组映射
天津城建大学,211,无专业组映射
天津城建大学,212,无专业组映射
天津城建大学,220,无专业组映射
天津城建大学(中外合作办学),216,无专业组映射
天津城建大学(中外合作办学),213,无专业组映射
天津城建大学(中外合作办学),214,无专业组映射
山西中医药大学,206,无专业组映射
山西中医药大学,207,无专业组映射
山西中医药大学,208,无专业组映射
山西中医药大学,205,无专业组映射
吕梁学院,205,无专业组映射
吕梁学院,206,无专业组映射
吕梁学院,204,无专业组映射
广东白云学院,201,无专业组映射
广东白云学院,203,无专业组映射
广东白云学院,204,无专业组映射
广东白云学院,205,无专业组映射
广东白云学院,206,无专业组映射
广东白云学院,207,无专业组映射
广东白云学院,208,无专业组映射
广东白云学院,209,无专业组映射
广东白云学院,210,无专业组映射
广东白云学院,212,无专业组映射
广东白云学院,217,无专业组映射
广东白云学院,"育
218",无专业组映射
广东白云学院,219,无专业组映射
广东白云学院,220,无专业组映射
广东白云学院,221,无专业组映射
广东白云学院,223,无专业组映射
广东白云学院,224,无专业组映射
广东白云学院(校企联合培养),202,无专业组映射
广东白云学院(校企联合培养),213,无专业组映射
广东白云学院(校企联合培养),214,无专业组映射
广东白云学院(国际班),216,无专业组映射
长沙医学院,203,无专业组映射
长沙医学院,204,无专业组映射
齐鲁医药学院,202,无专业组映射
顺德职业技术大学（原顺德职业技术学院）,201,无专业组映射
顺德职业技术大学（原顺德职业技术学院）,203,无专业组映射
广东轻工职业技术大学,"育
201",无专业组映射
广东轻工职业技术大学,202,无专业组映射
广东轻工职业技术大学,203,无专业组映射
广东轻工职业技术大学,204,无专业组映射
"教
辽宁对外经贸学院",204,无专业组映射
江西科技学院,206,无专业组映射
南京工业职业技术大学,204,无专业组映射
南京工业职业技术大学,203,无专业组映射
上海工程技术大学,207,无专业组映射
上海工程技术大学,205,无专业组映射
上海工程技术大学,206,无专业组映射
"省
上海工程技术大学",208,无专业组映射
北京科技职业大学,202,无专业组映射
浙江万里学院,207,无专业组映射
浙江万里学院,208,无专业组映射
"东
安徽建筑大学",203,无专业组映射
安徽建筑大学,204,无专业组映射
萍乡学院,205,无专业组映射
萍乡学院,206,无专业组映射
萍乡学院,204,无专业组映射
"广
枣庄学院",202,无专业组映射
山东工艺美术学院,205,无专业组映射
山东工艺美术学院,204,无专业组映射
黄淮学院,206,无专业组映射
黄淮学院,207,无专业组映射
黄淮学院,209,无专业组映射
黄淮学院(中外合作办学),208,无专业组映射
平顶山学院,204,无专业组映射
湖北理工学院,209,无专业组映射
湖北理工学院,210,无专业组映射
湖北理工学院,206,无专业组映射
湖北理工学院,207,无专业组映射
湖北理工学院,208,无专业组映射
湖北科技学院,205,无专业组映射
湖北科技学院,206,无专业组映射
湖北科技学院,207,无专业组映射
湖北科技学院(中外合作办学),208,无专业组映射
湖北医药学院,202,无专业组映射
吉林外国语大学,216,无专业组映射
吉林外国语大学,219,无专业组映射
吉林外国语大学,220,无专业组映射
吉林外国语大学,211,无专业组映射
吉林外国语大学(中外合作办学),218,无专业组映射
吉林外国语大学(中外合作办学),215,无专业组映射
贵阳学院,202,无专业组映射
新疆工程学院,205,无专业组映射
新疆工程学院,206,无专业组映射
新疆工程学院,207,无专业组映射
新疆工程学院,208,无专业组映射
新疆工程学院,209,无专业组映射
昌吉学院,207,无专业组映射
昌吉学院,205,无专业组映射
昌吉学院,206,无专业组映射
沈阳大学(中外合作办学),204,无专业组映射
沈阳大学(中外合作办学),206,无专业组映射
沈阳大学,205,无专业组映射
上海立信会计金融学院,206,无专业组映射
上海立信会计金融学院,204,无专业组映射
金陵科技学院,206,无专业组映射
金陵科技学院,207,无专业组映射
金陵科技学院,208,无专业组映射
金陵科技学院,205,无专业组映射
淮阴工学院,203,无专业组映射
淮阴工学院,204,无专业组映射
徐州工程学院,207,无专业组映射
徐州工程学院,"育
208",无专业组映射
徐州工程学院,205,无专业组映射
徐州工程学院,206,无专业组映射
常州工学院,203,无专业组映射
常州工学院,204,无专业组映射
浙江科技大学,204,无专业组映射
"教
浙江科技大学",205,无专业组映射
宁波工程学院,205,无专业组映射
宁波工程学院,206,无专业组映射
宁波工程学院,207,无专业组映射
"省
宁波工程学院(中外合作办学)",208,无专业组映射
合肥大学,205,无专业组映射
合肥大学,206,无专业组映射
合肥大学,207,无专业组映射
"东
合肥大学",208,无专业组映射
厦门理工学院,208,无专业组映射
厦门理工学院,206,无专业组映射
厦门理工学院,207,无专业组映射
青岛大学,207,无专业组映射
青岛大学,208,无专业组映射
青岛大学,210,无专业组映射
青岛大学,206,无专业组映射
"广
青岛大学",209,无专业组映射
烟台大学,207,无专业组映射
烟台大学,208,无专业组映射
烟台大学,205,无专业组映射
烟台大学(联合培养),210,无专业组映射
烟台大学(联合培养),209,无专业组映射
烟台大学(本科预科班),212,无专业组映射
烟台大学(本科预科班),211,无专业组映射
潍坊学院,208,无专业组映射
潍坊学院,209,无专业组映射
潍坊学院,210,无专业组映射
潍坊学院,206,无专业组映射
潍坊学院,207,无专业组映射
郑州工程技术学院,205,无专业组映射
郑州工程技术学院,206,无专业组映射
郑州工程技术学院,204,无专业组映射
洛阳理工学院,206,无专业组映射
洛阳理工学院,207,无专业组映射
洛阳理工学院,205,无专业组映射
洛阳理工学院(中外合作办学),208,无专业组映射
新乡学院,203,无专业组映射
新乡学院,204,无专业组映射
江汉大学,209,无专业组映射
江汉大学,208,无专业组映射
三峡大学,209,无专业组映射
三峡大学,210,无专业组映射
三峡大学,211,无专业组映射
三峡大学,212,无专业组映射
三峡大学,213,无专业组映射
三峡大学,208,无专业组映射
长沙学院,214,无专业组映射
长沙学院,215,无专业组映射
长沙学院,216,无专业组映射
长沙学院,218,无专业组映射
长沙学院,212,无专业组映射
长沙学院,213,无专业组映射
"教
广州大学",215,无专业组映射
"教
广州大学",225,无专业组映射
广州大学(国际班),231,无专业组映射
广州大学(国际班),232,无专业组映射
广州大学(国际班),233,无专业组映射
广州大学(国际班),236,无专业组映射
"省
广州大学(国际班)",234,无专业组映射
"省
广州大学(国际班)",237,无专业组映射
广州大学(中外合作办学),235,无专业组映射
广州大学(中外合作办学),239,无专业组映射
广州大学(地方专项),241,无专业组映射
广州大学(地方专项),242,无专业组映射
广州大学(地方专项),244,无专业组映射
广州大学(地方专项),245,无专业组映射
广州大学(地方专项),246,无专业组映射
广州大学(地方专项),248,无专业组映射
"东
广州大学(地方专项)",243,无专业组映射
"东
广州大学(地方专项)",247,无专业组映射
成都大学,221,无专业组映射
成都大学,223,无专业组映射
成都大学,226,无专业组映射
成都大学,227,无专业组映射
成都大学,218,无专业组映射
成都大学,228,无专业组映射
"广
成都大学(中外合作办学)",222,无专业组映射
成都大学(中外合作办学),224,无专业组映射
成都大学(中外合作办学),225,无专业组映射
成都大学(中外合作办学),219,无专业组映射
西安文理学院,207,无专业组映射
西安文理学院,208,无专业组映射
西安文理学院,205,无专业组映射
西安文理学院,206,无专业组映射
海南热带海洋学院,216,无专业组映射
海南热带海洋学院,218,无专业组映射
海南热带海洋学院,219,无专业组映射
海南热带海洋学院,220,无专业组映射
海南热带海洋学院,221,无专业组映射
海南热带海洋学院,214,无专业组映射
海南热带海洋学院(中外合作办学),217,无专业组映射
海南热带海洋学院(中外合作办学),215,无专业组映射
华北科技学院,213,无专业组映射
华北科技学院,214,无专业组映射
华北科技学院,215,无专业组映射
华北科技学院,216,无专业组映射
华北科技学院,217,无专业组映射
华北科技学院,210,无专业组映射
华北科技学院,211,无专业组映射
华北科技学院,212,无专业组映射
中国人民警察大学,204,无专业组映射
中国人民警察大学,205,无专业组映射
中国人民警察大学,206,无专业组映射
广州航海学院,201,无专业组映射
广州航海学院,202,无专业组映射
广州航海学院,203,无专业组映射
广州航海学院,211,无专业组映射
广州航海学院(联合培养),205,无专业组映射
广州航海学院(联合培养),207,无专业组映射
广州航海学院(联合培养),212,无专业组映射
广州航海学院(联合培养),213,无专业组映射
广州航海学院(中外合作办学),206,无专业组映射
广东警官学院,201,无专业组映射
广东警官学院,202,无专业组映射
深圳职业技术大学,201,无专业组映射
深圳职业技术大学,202,无专业组映射
深圳职业技术大学,203,无专业组映射
深圳职业技术大学,241,无专业组映射
成都工业学院,202,无专业组映射
扬州大学,207,无专业组映射
扬州大学,208,无专业组映射
扬州大学,205,无专业组映射
扬州大学,206,无专业组映射
三江学院,"育
209",无专业组映射
三江学院,210,无专业组映射
三江学院,211,无专业组映射
三江学院,207,无专业组映射
三江学院,208,无专业组映射
中华女子学院,209,无专业组映射
中华女子学院,207,无专业组映射
中华女子学院,208,无专业组映射
"教
中华女子学院",210,无专业组映射
齐齐哈尔医学院,211,无专业组映射
齐齐哈尔医学院,212,无专业组映射
齐齐哈尔医学院,213,无专业组映射
齐齐哈尔医学院,208,无专业组映射
齐齐哈尔医学院,210,无专业组映射
"省
齐齐哈尔医学院",214,无专业组映射
北京信息科技大学,203,无专业组映射
北京信息科技大学(中外合作办学),204,无专业组映射
太原学院,206,无专业组映射
太原学院,208,无专业组映射
太原学院,205,无专业组映射
"东
太原学院",207,无专业组映射
太原学院(本科预科班),210,无专业组映射
太原学院(本科预科班),209,无专业组映射
大连大学,204,无专业组映射
大连大学,206,无专业组映射
"广
大连大学",205,无专业组映射
吉林工商学院,205,无专业组映射
吉林工商学院,206,无专业组映射
吉林工商学院,204,无专业组映射
南京工程学院,205,无专业组映射
南京工程学院,204,无专业组映射
南京审计大学,207,无专业组映射
南京审计大学,205,无专业组映射
南京审计大学(中外合作办学),208,无专业组映射
南京审计大学(中外合作办学),206,无专业组映射
三明学院,207,无专业组映射
三明学院,208,无专业组映射
三明学院,209,无专业组映射
三明学院,210,无专业组映射
三明学院,206,无专业组映射
福建商学院(本科预科班),202,无专业组映射
福建商学院(本科预科班),201,无专业组映射
江西科技师范大学(国际班),216,无专业组映射
江西科技师范大学(国际班),"育
213",无专业组映射
江西科技师范大学,217,无专业组映射
江西科技师范大学,218,无专业组映射
江西科技师范大学,220,无专业组映射
江西科技师范大学,221,无专业组映射
江西科技师范大学,222,无专业组映射
江西科技师范大学,223,无专业组映射
江西科技师范大学,201,无专业组映射
江西科技师范大学,214,无专业组映射
江西科技师范大学,215,无专业组映射
江西水利电力大学,208,无专业组映射
江西水利电力大学,207,无专业组映射
江西水利电力大学(中外合作办学),209,无专业组映射
信阳农林学院,207,无专业组映射
信阳农林学院,208,无专业组映射
信阳农林学院,206,无专业组映射
河南工学院,202,无专业组映射
安阳工学院,205,无专业组映射
安阳工学院,204,无专业组映射
荆楚理工学院(中外合作办学),205,无专业组映射
湖南工程学院,205,无专业组映射
湖南工程学院,206,无专业组映射
仲恺农业工程学院,202,无专业组映射
仲恺农业工程学院,203,无专业组映射
仲恺农业工程学院,204,无专业组映射
仲恺农业工程学院,205,无专业组映射
仲恺农业工程学院,209,无专业组映射
仲恺农业工程学院(国际班),206,无专业组映射
仲恺农业工程学院(国际班),207,无专业组映射
"教
五邑大学",206,无专业组映射
"省
五邑大学(联合培养)",210,无专业组映射
五邑大学(联合培养),211,无专业组映射
五邑大学(联合培养),214,无专业组映射
梧州学院,215,无专业组映射
梧州学院,216,无专业组映射
梧州学院,218,无专业组映射
梧州学院,212,无专业组映射
梧州学院,213,无专业组映射
"东
梧州学院",217,无专业组映射
南宁职业技术大学,204,无专业组映射
南宁职业技术大学,205,无专业组映射
南宁职业技术大学,203,无专业组映射
"广
攀枝花学院",204,无专业组映射
玉溪师范学院,205,无专业组映射
玉溪师范学院,206,无专业组映射
玉溪师范学院,204,无专业组映射
昆明学院,214,无专业组映射
昆明学院,215,无专业组映射
昆明学院,216,无专业组映射
昆明学院,211,无专业组映射
昆明学院,212,无专业组映射
昆明学院,213,无专业组映射
商洛学院,206,无专业组映射
商洛学院,207,无专业组映射
商洛学院,208,无专业组映射
商洛学院,205,无专业组映射
西安培华学院,209,无专业组映射
西安培华学院,210,无专业组映射
西安培华学院,211,无专业组映射
西安培华学院,212,无专业组映射
西安培华学院,201,无专业组映射
西安培华学院,202,无专业组映射
西安培华学院,208,无专业组映射
甘肃政法大学,207,无专业组映射
甘肃政法大学,208,无专业组映射
甘肃政法大学,205,无专业组映射
甘肃政法大学,206,无专业组映射
北方民族大学,214,无专业组映射
北方民族大学,215,无专业组映射
北方民族大学,216,无专业组映射
北方民族大学,211,无专业组映射
北方民族大学,212,无专业组映射
北方民族大学,213,无专业组映射
北方民族大学(中外合作办学),217,无专业组映射
中国矿业大学(北京),205,无专业组映射
中国矿业大学(北京),206,无专业组映射
中国石油大学(北京),202,无专业组映射
中国地质大学(北京),212,无专业组映射
中国地质大学(北京),214,无专业组映射
中国地质大学(北京),210,无专业组映射
北京联合大学,205,无专业组映射
北京联合大学,204,无专业组映射
北京城市学院,213,无专业组映射
北京城市学院,212,无专业组映射
河北金融学院,211,无专业组映射
河北金融学院,212,无专业组映射
河北金融学院,214,无专业组映射
河北金融学院,215,无专业组映射
河北金融学院,208,无专业组映射
长春汽车职业技术大学,202,无专业组映射
长春工程学院,203,无专业组映射
长春工程学院,204,无专业组映射
长春工程学院(本科预科班),206,无专业组映射
长春工程学院(本科预科班),205,无专业组映射
吉林农业科技学院,208,无专业组映射
吉林农业科技学院,"育
209",无专业组映射
吉林农业科技学院,210,无专业组映射
吉林农业科技学院,211,无专业组映射
吉林农业科技学院,207,无专业组映射
吉林农业科技学院(中外合作办学),212,无专业组映射
"教
黑龙江东方学院",203,无专业组映射
上海电机学院,204,无专业组映射
上海电机学院(中外合作办学),205,无专业组映射
江苏理工学院,204,无专业组映射
江苏理工学院,203,无专业组映射
"省
浙江财经大学",208,无专业组映射
浙江财经大学(中外合作办学),209,无专业组映射
浙江财经大学(中外合作办学),213,无专业组映射
浙江财经大学(中外合作办学),207,无专业组映射
浙江财经大学(中外合作办学),211,无专业组映射
浙江财经大学(中外合作办学),212,无专业组映射
浙江财经大学,210,无专业组映射
浙江财经大学,206,无专业组映射
"东
浙江财经大学(中外合作办学)",214,无专业组映射
衢州学院,207,无专业组映射
衢州学院,208,无专业组映射
衢州学院,"育
205",无专业组映射
衢州学院,206,无专业组映射
江西警察学院,206,无专业组映射
江西警察学院,205,无专业组映射
"广
江西警察学院",207,无专业组映射
新余学院,206,无专业组映射
新余学院,204,无专业组映射
山东交通学院,207,无专业组映射
山东交通学院,208,无专业组映射
山东交通学院,209,无专业组映射
山东交通学院,206,无专业组映射
山东交通学院(中外合作办学),210,无专业组映射
河南工程学院,206,无专业组映射
河南工程学院,207,无专业组映射
河南工程学院,208,无专业组映射
河南工程学院,209,无专业组映射
河南工程学院,205,无专业组映射
湖南城市学院,211,无专业组映射
湖南城市学院,212,无专业组映射
湖南城市学院,213,无专业组映射
湖南城市学院,214,无专业组映射
湖南城市学院,208,无专业组映射
湖南城市学院,210,无专业组映射
湖南工学院,202,无专业组映射
湖南财政经济学院,205,无专业组映射
湖南财政经济学院,206,无专业组映射
湖南财政经济学院,204,无专业组映射
湖南工业大学,208,无专业组映射
湖南工业大学,209,无专业组映射
湖南工业大学,213,无专业组映射
湖南工业大学,214,无专业组映射
湖南工业大学,215,无专业组映射
湖南工业大学,212,无专业组映射
广东金融学院(联合培养),229,无专业组映射
广东金融学院(联合培养),216,无专业组映射
广东金融学院(地方专项),232,无专业组映射
广东金融学院(地方专项),233,无专业组映射
广东金融学院(地方专项),231,无专业组映射
电子科技大学中山学院,201,无专业组映射
电子科技大学中山学院,202,无专业组映射
电子科技大学中山学院,203,无专业组映射
电子科技大学中山学院,204,无专业组映射
电子科技大学中山学院,"育
207",无专业组映射
电子科技大学中山学院,208,无专业组映射
电子科技大学中山学院,205,无专业组映射
电子科技大学中山学院,209,无专业组映射
广西科技师范学院,212,无专业组映射
广西科技师范学院,213,无专业组映射
广西科技师范学院,210,无专业组映射
广西科技师范学院,211,无专业组映射
"教
广西科技师范学院",214,无专业组映射
广西财经学院(中外合作办学),206,无专业组映射
广西财经学院(中外合作办学),208,无专业组映射
广西财经学院,207,无专业组映射
广西财经学院,205,无专业组映射
"省
广西财经学院(联合培养)",209,无专业组映射
南宁学院,209,无专业组映射
南宁学院,210,无专业组映射
南宁学院,211,无专业组映射
南宁学院,208,无专业组映射
"东
南宁学院",212,无专业组映射
重庆科技大学,205,无专业组映射
重庆科技大学,206,无专业组映射
重庆科技大学,204,无专业组映射
四川旅游学院(中外合作办学),202,无专业组映射
"广
西安财经大学",205,无专业组映射
西安财经大学(中外合作办学),206,无专业组映射
兰州文理学院,204,无专业组映射
兰州文理学院,203,无专业组映射
湖北经济学院,208,无专业组映射
湖北经济学院,210,无专业组映射
湖北经济学院,206,无专业组映射
湖北经济学院(中外合作办学),209,无专业组映射
湖北经济学院(中外合作办学),207,无专业组映射
北部湾大学,212,无专业组映射
北部湾大学,213,无专业组映射
北部湾大学,214,无专业组映射
北部湾大学,215,无专业组映射
北部湾大学,216,无专业组映射
北部湾大学,217,无专业组映射
北部湾大学,210,无专业组映射
北部湾大学,211,无专业组映射
北部湾大学(中外合作办学),218,无专业组映射
北华航天工业学院,205,无专业组映射
北华航天工业学院,206,无专业组映射
北华航天工业学院,204,无专业组映射
沈阳工程学院,202,无专业组映射
江苏海洋大学,204,无专业组映射
江苏海洋大学,203,无专业组映射
宁波大学,208,无专业组映射
宁波大学,209,无专业组映射
宁波大学,210,无专业组映射
宁波大学,207,无专业组映射
浙江传媒学院,215,无专业组映射
浙江传媒学院,216,无专业组映射
浙江传媒学院,218,无专业组映射
浙江传媒学院,220,无专业组映射
浙江传媒学院,212,无专业组映射
浙江传媒学院,213,无专业组映射
浙江传媒学院,219,无专业组映射
浙江传媒学院(中外合作办学),217,无专业组映射
浙江传媒学院(中外合作办学),214,无专业组映射
河南财政金融学院,207,无专业组映射
河南财政金融学院,208,无专业组映射
河南财政金融学院,205,无专业组映射
河南财政金融学院,206,无专业组映射
南阳理工学院,208,无专业组映射
南阳理工学院,210,无专业组映射
南阳理工学院,211,无专业组映射
南阳理工学院,212,无专业组映射
南阳理工学院,213,无专业组映射
南阳理工学院,207,无专业组映射
广东石油化工学院,201,无专业组映射
广东石油化工学院,202,无专业组映射
广东石油化工学院,203,无专业组映射
广东石油化工学院,"育
204",无专业组映射
广东石油化工学院,205,无专业组映射
广东石油化工学院,206,无专业组映射
广东石油化工学院,207,无专业组映射
广东石油化工学院,209,无专业组映射
广东石油化工学院,210,无专业组映射
广东石油化工学院,"育
211",无专业组映射
广东石油化工学院,212,无专业组映射
"教
广东石油化工学院",208,无专业组映射
海南师范大学,228,无专业组映射
海南师范大学,229,无专业组映射
海南师范大学,230,无专业组映射
海南师范大学,232,无专业组映射
海南师范大学,233,无专业组映射
海南师范大学,234,无专业组映射
海南师范大学,236,无专业组映射
海南师范大学,237,无专业组映射
海南师范大学,223,无专业组映射
海南师范大学,224,无专业组映射
海南师范大学,226,无专业组映射
海南师范大学,227,无专业组映射
"省
海南师范大学",231,无专业组映射
"东
海南师范大学",235,无专业组映射
重庆理工大学,211,无专业组映射
重庆理工大学,213,无专业组映射
重庆理工大学,214,无专业组映射
重庆理工大学,208,无专业组映射
重庆理工大学,210,无专业组映射
"广
重庆理工大学",212,无专业组映射
西安邮电大学,208,无专业组映射
西安邮电大学,209,无专业组映射
西安邮电大学,206,无专业组映射
西安邮电大学(中外合作办学),210,无专业组映射
西安邮电大学(中外合作办学),211,无专业组映射
西安邮电大学(本科预科班),213,无专业组映射
西安邮电大学(本科预科班),212,无专业组映射
山东工商学院,207,无专业组映射
山东工商学院,208,无专业组映射
山东工商学院,205,无专业组映射
山东工商学院,206,无专业组映射
长春大学,212,无专业组映射
长春大学,213,无专业组映射
长春大学,209,无专业组映射
长春大学(中外合作办学),214,无专业组映射
长春大学(中外合作办学),215,无专业组映射
长春大学(中外合作办学),216,无专业组映射
长春大学(中外合作办学),217,无专业组映射
长春大学(中外合作办学),218,无专业组映射
长春大学(中外合作办学),219,无专业组映射
长春大学(中外合作办学),220,无专业组映射
长春大学(中外合作办学),211,无专业组映射
贵州商学院,208,无专业组映射
贵州商学院,209,无专业组映射
贵州商学院,211,无专业组映射
贵州商学院,207,无专业组映射
贵州商学院(中外合作办学),210,无专业组映射
西安航空学院,201,无专业组映射
西安航空学院,202,无专业组映射
西安航空学院(中外合作办学),204,无专业组映射
河南城建学院,205,无专业组映射
河南城建学院,206,无专业组映射
河南城建学院,204,无专业组映射
防灾科技学院,212,无专业组映射
防灾科技学院,213,无专业组映射
防灾科技学院,214,无专业组映射
防灾科技学院,208,无专业组映射
防灾科技学院,209,无专业组映射
防灾科技学院,210,无专业组映射
江西职业技术大学,202,无专业组映射
武汉东湖学院,209,无专业组映射
武汉东湖学院,210,无专业组映射
武汉东湖学院,207,无专业组映射
武汉东湖学院,208,无专业组映射
重庆工商大学,220,无专业组映射
重庆工商大学,225,无专业组映射
重庆工商大学,215,无专业组映射
重庆工商大学(中外双学士),"育
221",无专业组映射
重庆工商大学(中外双学士),216,无专业组映射
汉口学院,211,无专业组映射
汉口学院,209,无专业组映射
汉口学院,210,无专业组映射
黑龙江工程学院,208,无专业组映射
黑龙江工程学院,210,无专业组映射
黑龙江工程学院,211,无专业组映射
黑龙江工程学院,212,无专业组映射
黑龙江工程学院,207,无专业组映射
"教
黑龙江工程学院",209,无专业组映射
"省
海南医科大学",201,无专业组映射
海南医科大学,202,无专业组映射
海南医科大学,203,无专业组映射
海南医科大学,204,无专业组映射
"东
海南医科大学(中外合作办学)",205,无专业组映射
"广
东莞理工学院",204,无专业组映射
东莞理工学院(地方专项),211,无专业组映射
东莞理工学院(粤台联合培养),212,无专业组映射
东莞理工学院(粤台联合培养),213,无专业组映射
东莞理工学院(粤台联合培养),214,无专业组映射
东莞理工学院(中外合作办学),219,无专业组映射
桂林师范学院,205,无专业组映射
桂林师范学院,206,无专业组映射
桂林航天工业学院,206,无专业组映射
桂林航天工业学院,207,无专业组映射
桂林航天工业学院,205,无专业组映射
桂林航天工业学院(中外合作办学),208,无专业组映射
上海杉达学院(中外合作办学),210,无专业组映射
上海杉达学院(中外合作办学),209,无专业组映射
上海杉达学院,211,无专业组映射
上海杉达学院,212,无专业组映射
上海杉达学院,207,无专业组映射
黄河科技学院,206,无专业组映射
黄河科技学院,207,无专业组映射
黄河科技学院,205,无专业组映射
上海政法学院,210,无专业组映射
上海政法学院,211,无专业组映射
上海政法学院,212,无专业组映射
上海政法学院,207,无专业组映射
上海政法学院,208,无专业组映射
上海政法学院,209,无专业组映射
桂林旅游学院(中外合作办学),218,无专业组映射
桂林旅游学院(中外合作办学),219,无专业组映射
桂林旅游学院(中外合作办学),221,无专业组映射
桂林旅游学院(中外合作办学),202,无专业组映射
桂林旅游学院(中外合作办学),203,无专业组映射
桂林旅游学院,220,无专业组映射
桂林旅游学院,222,无专业组映射
桂林旅游学院,201,无专业组映射
贺州学院,207,无专业组映射
贺州学院,208,无专业组映射
贺州学院,205,无专业组映射
九江学院,206,无专业组映射
九江学院,208,无专业组映射
九江学院,205,无专业组映射
"教
广东工业大学",216,无专业组映射
"教
广东工业大学",204,无专业组映射
"省
广东工业大学",221,无专业组映射
"东
广东工业大学",226,无专业组映射
"广
广东工业大学",232,无专业组映射
广东工业大学(学分互认),262,无专业组映射
广东工业大学(学分互认),265,无专业组映射
广东工业大学(学分互认),267,无专业组映射
广东工业大学(学分互认),264,无专业组映射
广东工业大学(学分互认),268,无专业组映射
广东工业大学(联合培养),270,无专业组映射
广东工业大学(联合培养),271,无专业组映射
广东工业大学(联合培养),272,无专业组映射
广东工业大学(国际班),273,无专业组映射
广东工业大学(国际班),261,无专业组映射
广东工业大学(中外合作办学),275,无专业组映射
广东工业大学(地方专项),282,无专业组映射
广东工业大学(地方专项),283,无专业组映射
广东工业大学(地方专项),281,无专业组映射
广东外语外贸大学(粤澳合作办学),217,无专业组映射
广东外语外贸大学(粤澳合作办学),207,无专业组映射
广东外语外贸大学(地方专项),218,无专业组映射
广东外语外贸大学(地方专项),208,无专业组映射
佛山大学,201,无专业组映射
佛山大学,202,无专业组映射
佛山大学,203,无专业组映射
佛山大学,205,无专业组映射
佛山大学,206,无专业组映射
佛山大学,207,无专业组映射
佛山大学,209,无专业组映射
佛山大学,211,无专业组映射
佛山大学,212,无专业组映射
佛山大学,213,无专业组映射
佛山大学,214,无专业组映射
佛山大学,219,无专业组映射
佛山大学,220,无专业组映射
佛山大学,221,无专业组映射
佛山大学,222,无专业组映射
佛山大学(联合培养),210,无专业组映射
佛山大学(联合培养),"育
216",无专业组映射
佛山大学(中外合作办学),215,无专业组映射
佛山大学(粤澳联合培养),217,无专业组映射
佛山大学(粤澳联合培养),223,无专业组映射
佛山大学(地方专项),218,无专业组映射
佛山大学(地方专项),225,无专业组映射
佛山大学(地方专项),226,无专业组映射
邢台医学院,203,无专业组映射
"教
邢台医学院",204,无专业组映射
大连民族大学,205,无专业组映射
大连民族大学,206,无专业组映射
大连民族大学,204,无专业组映射
上海第二工业大学,206,无专业组映射
上海第二工业大学,208,无专业组映射
上海第二工业大学,205,无专业组映射
"省
上海第二工业大学",207,无专业组映射
广州职业技术大学（原广州番禺职业技术学院）,202,无专业组映射
广州职业技术大学（原广州番禺职业技术学院）,203,无专业组映射
"东
广州职业技术大学（原广州番禺职业技术学院）",204,无专业组映射
南京特殊教育师范学院,217,无专业组映射
南京特殊教育师范学院,218,无专业组映射
南京特殊教育师范学院,219,无专业组映射
南京特殊教育师范学院,221,无专业组映射
南京特殊教育师范学院,213,无专业组映射
南京特殊教育师范学院,214,无专业组映射
南京特殊教育师范学院,215,无专业组映射
南京特殊教育师范学院,216,无专业组映射
"广
南京特殊教育师范学院",220,无专业组映射
上海商学院,205,无专业组映射
上海商学院,206,无专业组映射
上海商学院,204,无专业组映射
南通理工学院,206,无专业组映射
南通理工学院,207,无专业组映射
南通理工学院,205,无专业组映射
广东培正学院,201,无专业组映射
广东培正学院,202,无专业组映射
广东培正学院,203,无专业组映射
广东培正学院,206,无专业组映射
广东培正学院(学分互认),204,无专业组映射
广东培正学院(学分互认),207,无专业组映射
柳州职业技术大学,204,无专业组映射
柳州职业技术大学,203,无专业组映射
贵州警察学院,205,无专业组映射
贵州警察学院,206,无专业组映射
贵州警察学院,204,无专业组映射
南方医科大学(地方专项),208,无专业组映射
南方医科大学(地方专项),209,无专业组映射
湖南医药学院,204,无专业组映射
湖南医药学院,205,无专业组映射
湖南医药学院,206,无专业组映射
安徽新华学院,205,无专业组映射
安徽新华学院,206,无专业组映射
安徽新华学院,204,无专业组映射
湖南涉外经济学院,206,无专业组映射
湖南涉外经济学院,204,无专业组映射
海口经济学院,216,无专业组映射
海口经济学院,217,无专业组映射
海口经济学院,220,无专业组映射
海口经济学院,214,无专业组映射
海口经济学院,215,无专业组映射
海口经济学院,"育
219",无专业组映射
武昌首义学院,205,无专业组映射
武昌首义学院,204,无专业组映射
武昌理工学院,207,无专业组映射
武昌理工学院,206,无专业组映射
武昌理工学院(中外合作办学),208,无专业组映射
烟台南山学院,204,无专业组映射
烟台南山学院,203,无专业组映射
武汉生物工程学院,209,无专业组映射
武汉生物工程学院,210,无专业组映射
武汉生物工程学院,"育
211",无专业组映射
中国劳动关系学院,206,无专业组映射
中国劳动关系学院,207,无专业组映射
中国劳动关系学院,208,无专业组映射
中国劳动关系学院,205,无专业组映射
"教
宁夏理工学院(联合培养)",207,无专业组映射
宁夏理工学院(联合培养),208,无专业组映射
宁夏理工学院(联合培养),206,无专业组映射
云南经济管理学院,206,无专业组映射
云南经济管理学院,207,无专业组映射
云南经济管理学院,205,无专业组映射
"省
云南经济管理学院",208,无专业组映射
广东东软学院,201,无专业组映射
广东东软学院,202,无专业组映射
广东东软学院,203,无专业组映射
广东东软学院,205,无专业组映射
广东东软学院,206,无专业组映射
广东东软学院,207,无专业组映射
广东东软学院,209,无专业组映射
广东东软学院,210,无专业组映射
广东东软学院,211,无专业组映射
广东东软学院,212,无专业组映射
广东东软学院,213,无专业组映射
广东东软学院,214,无专业组映射
广东东软学院,215,无专业组映射
广东东软学院,216,无专业组映射
广东东软学院,217,无专业组映射
广东东软学院,220,无专业组映射
广东东软学院,221,无专业组映射
广东东软学院,223,无专业组映射
"东
广东东软学院",204,无专业组映射
"东
广东东软学院",222,无专业组映射
"广
广东东软学院",208,无专业组映射
广东东软学院(中外合作办学),218,无专业组映射
上海立达学院,208,无专业组映射
上海立达学院,209,无专业组映射
上海立达学院,207,无专业组映射
重庆机电职业技术大学,202,无专业组映射
重庆工程学院,205,无专业组映射
重庆工程学院,206,无专业组映射
重庆工程学院,204,无专业组映射
重庆电子科技职业大学,202,无专业组映射
广州城市理工学院,201,无专业组映射
广州城市理工学院,202,无专业组映射
广州城市理工学院,203,无专业组映射
广州软件学院,201,无专业组映射
广州软件学院,202,无专业组映射
广州软件学院,203,无专业组映射
广州软件学院,204,无专业组映射
广州软件学院,212,无专业组映射
广州软件学院,213,无专业组映射
广州软件学院,214,无专业组映射
广州软件学院,215,无专业组映射
广州软件学院,216,无专业组映射
广州软件学院,217,无专业组映射
广州软件学院,219,无专业组映射
广州软件学院,220,无专业组映射
广州软件学院(校企联合培养),205,无专业组映射
广州软件学院(校企联合培养),207,无专业组映射
广州软件学院(校企联合培养),208,无专业组映射
广州软件学院(校企联合培养),209,无专业组映射
广州软件学院(校企联合培养),211,无专业组映射
广州南方学院,207,无专业组映射
广州南方学院,208,无专业组映射
广州南方学院,"育
209",无专业组映射
广州南方学院,210,无专业组映射
广州南方学院,211,无专业组映射
广州南方学院,201,无专业组映射
广州南方学院,202,无专业组映射
广州南方学院,203,无专业组映射
广州南方学院,204,无专业组映射
广州南方学院(联合培养),212,无专业组映射
广州南方学院(联合培养),214,无专业组映射
广州南方学院(联合培养),215,无专业组映射
广州南方学院(联合培养),216,无专业组映射
广州南方学院(联合培养),205,无专业组映射
广州南方学院(联合培养),206,无专业组映射
"教
广州南方学院(联合培养)",213,无专业组映射
"省
广州南方学院(中外合作办学)",217,无专业组映射
广东外语外贸大学南国商学院,221,无专业组映射
广东外语外贸大学南国商学院,222,无专业组映射
广东外语外贸大学南国商学院,223,无专业组映射
广东外语外贸大学南国商学院,225,无专业组映射
广东外语外贸大学南国商学院,226,无专业组映射
广东外语外贸大学南国商学院,211,无专业组映射
广东外语外贸大学南国商学院,212,无专业组映射
广东外语外贸大学南国商学院,213,无专业组映射
广东外语外贸大学南国商学院,214,无专业组映射
广东外语外贸大学南国商学院,215,无专业组映射
"东
广东外语外贸大学南国商学院",224,无专业组映射
广东外语外贸大学南国商学院(国际班),232,无专业组映射
广东外语外贸大学南国商学院(国际班),231,无专业组映射
"广
广东外语外贸大学南国商学院(国际班)",233,无专业组映射
广州华商学院,211,无专业组映射
广州华商学院,212,无专业组映射
广州华商学院,213,无专业组映射
广州华商学院,214,无专业组映射
广州华商学院,215,无专业组映射
广州华商学院,201,无专业组映射
广州华商学院,202,无专业组映射
广州华商学院(国际班),216,无专业组映射
广州华商学院(国际班),203,无专业组映射
广州华商学院(联合培养),217,无专业组映射
湛江科技学院,201,无专业组映射
湛江科技学院,202,无专业组映射
湛江科技学院,203,无专业组映射
湛江科技学院,206,无专业组映射
华南农业大学珠江学院,204,无专业组映射
华南农业大学珠江学院,205,无专业组映射
华南农业大学珠江学院,206,无专业组映射
华南农业大学珠江学院,209,无专业组映射
华南农业大学珠江学院,210,无专业组映射
华南农业大学珠江学院,201,无专业组映射
华南农业大学珠江学院,202,无专业组映射
华南农业大学珠江学院,208,无专业组映射
厦门医学院,203,无专业组映射
厦门医学院,204,无专业组映射
成都东软学院,205,无专业组映射
成都东软学院,204,无专业组映射
成都东软学院(中外合作办学),206,无专业组映射
湖南科技大学潇湘学院,204,无专业组映射
湖南科技大学潇湘学院,203,无专业组映射
南华大学船山学院,205,无专业组映射
南华大学船山学院,206,无专业组映射
南华大学船山学院,204,无专业组映射
湘潭理工学院,204,无专业组映射
湘潭理工学院,203,无专业组映射
长沙工业学院,204,无专业组映射
长沙工业学院,203,无专业组映射
中南林业科技大学涉外学院,209,无专业组映射
中南林业科技大学涉外学院,210,无专业组映射
中南林业科技大学涉外学院,208,无专业组映射
常德学院,207,无专业组映射
常德学院,205,无专业组映射
常德学院,206,无专业组映射
岳阳学院,205,无专业组映射
岳阳学院,206,无专业组映射
衡阳师范学院南岳学院,206,无专业组映射
衡阳师范学院南岳学院,207,无专业组映射
衡阳师范学院南岳学院,208,无专业组映射
衡阳师范学院南岳学院,205,无专业组映射
湖南工程学院应用技术学院,203,无专业组映射
湖南工程学院应用技术学院,204,无专业组映射
湖南中医药大学湘杏学院,"育
203",无专业组映射
湖南中医药大学湘杏学院,204,无专业组映射
张家界学院,209,无专业组映射
张家界学院,210,无专业组映射
张家界学院,207,无专业组映射
张家界学院,208,无专业组映射
"教
广州理工学院",201,无专业组映射
广州理工学院,202,无专业组映射
东南大学成贤学院,205,无专业组映射
东南大学成贤学院,206,无专业组映射
东南大学成贤学院,204,无专业组映射
"省
厦门华厦学院",206,无专业组映射
厦门华厦学院,207,无专业组映射
厦门华厦学院,208,无专业组映射
闽南理工学院,204,无专业组映射
闽南理工学院,203,无专业组映射
"东
西安欧亚学院",205,无专业组映射
"东
西安欧亚学院",204,无专业组映射
西安欧亚学院,206,无专业组映射
西安外事学院,207,无专业组映射
西安外事学院,206,无专业组映射
西安翻译学院,205,无专业组映射
西安翻译学院,204,无专业组映射
"广
西安翻译学院",206,无专业组映射
西京学院,205,无专业组映射
西京学院,206,无专业组映射
西京学院,204,无专业组映射
郑州科技学院,205,无专业组映射
郑州工业应用技术学院,205,无专业组映射
郑州工业应用技术学院,206,无专业组映射
四川工程职业技术大学,202,无专业组映射
江西工程学院,210,无专业组映射
江西工程学院,211,无专业组映射
江西工程学院,208,无专业组映射
江西工程学院,209,无专业组映射
山西应用科技学院,204,无专业组映射
山西应用科技学院,203,无专业组映射
河北传媒学院,218,无专业组映射
河北传媒学院,219,无专业组映射
河北传媒学院,216,无专业组映射
河北传媒学院,217,无专业组映射
浙江越秀外国语学院,209,无专业组映射
浙江越秀外国语学院,210,无专业组映射
浙江越秀外国语学院,211,无专业组映射
浙江越秀外国语学院,207,无专业组映射
浙江越秀外国语学院,208,无专业组映射
南昌理工学院,216,无专业组映射
南昌理工学院,217,无专业组映射
南昌理工学院,218,无专业组映射
南昌理工学院,219,无专业组映射
南昌理工学院,214,无专业组映射
南昌理工学院,215,无专业组映射
上海建桥学院,205,无专业组映射
上海建桥学院,206,无专业组映射
上海建桥学院,204,无专业组映射
上海建桥学院(学分互认),207,无专业组映射
上海建桥学院(学分互认),208,无专业组映射
吉利学院,206,无专业组映射
吉利学院,205,无专业组映射
哈尔滨职业技术大学,202,无专业组映射
上海中侨职业技术大学,206,无专业组映射
上海中侨职业技术大学,205,无专业组映射
上海中侨职业技术大学(中外合作办学),207,无专业组映射
泉州职业技术大学,204,无专业组映射
泉州职业技术大学,203,无专业组映射
江西应用科技学院,211,无专业组映射
江西应用科技学院,209,无专业组映射
郑州健康学院,202,无专业组映射
深圳信息职业技术大学（原深圳信息职业技术学院）,201,无专业组映射
青海职业技术大学,204,无专业组映射
青海职业技术大学,203,无专业组映射
闽南科技学院,208,无专业组映射
闽南科技学院,209,无专业组映射
闽南科技学院,210,无专业组映射
闽南科技学院,206,无专业组映射
闽南科技学院,207,无专业组映射
山东英才学院,"育
202",无专业组映射
浙大城市学院,205,无专业组映射
浙大城市学院,206,无专业组映射
浙大城市学院,204,无专业组映射
浙大宁波理工学院,204,无专业组映射
"教
杭州医学院",202,无专业组映射
安徽外国语学院,204,无专业组映射
安徽外国语学院,203,无专业组映射
厦门工学院,207,无专业组映射
厦门工学院,208,无专业组映射
厦门工学院,206,无专业组映射
"省
西安思源学院",205,无专业组映射
武汉晴川学院,208,无专业组映射
武汉晴川学院,207,无专业组映射
大连理工大学城市学院,205,无专业组映射
大连理工大学城市学院,206,无专业组映射
大连理工大学城市学院,204,无专业组映射
"东
沈阳工学院",203,无专业组映射
沈阳工学院,204,无专业组映射
沈阳城市建设学院,203,无专业组映射
沈阳城市建设学院,204,无专业组映射
"广
大连医科大学中山学院",202,无专业组映射
大连医科大学中山学院,203,无专业组映射
大连医科大学中山学院,204,无专业组映射
锦州医科大学医疗学院,202,无专业组映射
辽宁师范大学海华学院,205,无专业组映射
辽宁师范大学海华学院,206,无专业组映射
辽宁师范大学海华学院,204,无专业组映射
大连财经学院,204,无专业组映射
大连财经学院,203,无专业组映射
沈阳城市学院,205,无专业组映射
沈阳城市学院,206,无专业组映射
沈阳城市学院,204,无专业组映射
湖北大学知行学院,207,无专业组映射
湖北大学知行学院,208,无专业组映射
湖北大学知行学院,205,无专业组映射
湖北大学知行学院,206,无专业组映射
武汉城市学院,205,无专业组映射
武汉城市学院,206,无专业组映射
武汉城市学院,"育
204",无专业组映射
三峡大学科技学院,203,无专业组映射
三峡大学科技学院,206,无专业组映射
三峡大学科技学院,207,无专业组映射
三峡大学科技学院,208,无专业组映射
三峡大学科技学院,205,无专业组映射
湖北工业大学工程技术学院,207,无专业组映射
湖北工业大学工程技术学院,205,无专业组映射
武汉纺织大学外经贸学院,208,无专业组映射
武汉纺织大学外经贸学院,209,无专业组映射
武汉纺织大学外经贸学院,210,无专业组映射
武汉纺织大学外经贸学院,207,无专业组映射
武昌工学院,206,无专业组映射
武昌工学院,205,无专业组映射
武汉工商学院,208,无专业组映射
武汉工商学院,209,无专业组映射
武汉工商学院,206,无专业组映射
长江大学文理学院,205,无专业组映射
长江大学文理学院,204,无专业组映射
湖北商贸学院,208,无专业组映射
湖北商贸学院,206,无专业组映射
湖北医药学院药护学院,202,无专业组映射
湖北恩施学院,207,无专业组映射
湖北恩施学院,206,无专业组映射
湖北经济学院法商学院,204,无专业组映射
湖北经济学院法商学院,203,无专业组映射
武汉体育学院体育科技学院,206,无专业组映射
武汉体育学院体育科技学院,205,无专业组映射
湖北师范大学文理学院,207,无专业组映射
湖北师范大学文理学院,208,无专业组映射
湖北师范大学文理学院,206,无专业组映射
湖北文理学院理工学院,204,无专业组映射
湖北文理学院理工学院,205,无专业组映射
文华学院,206,无专业组映射
文华学院,204,无专业组映射
文华学院,205,无专业组映射
浙江工业大学之江学院,"育
206",无专业组映射
浙江工业大学之江学院,204,无专业组映射
浙江工业大学之江学院,205,无专业组映射
浙江师范大学行知学院,202,无专业组映射
宁波大学科学技术学院,203,无专业组映射
宁波大学科学技术学院,204,无专业组映射
"教
杭州电子科技大学信息工程学院",203,无专业组映射
杭州电子科技大学信息工程学院,204,无专业组映射
浙江农林大学暨阳学院,207,无专业组映射
浙江农林大学暨阳学院,208,无专业组映射
浙江农林大学暨阳学院,210,无专业组映射
浙江农林大学暨阳学院,206,无专业组映射
"省
浙江农林大学暨阳学院",209,无专业组映射
温州理工学院,203,无专业组映射
温州理工学院,204,无专业组映射
"东
浙江工商大学杭州商学院",208,无专业组映射
浙江工商大学杭州商学院,209,无专业组映射
浙江工商大学杭州商学院,210,无专业组映射
浙江工商大学杭州商学院,206,无专业组映射
浙江工商大学杭州商学院,207,无专业组映射
嘉兴南湖学院,202,无专业组映射
"广
中国计量大学现代科技学院",203,无专业组映射
中国计量大学现代科技学院,204,无专业组映射
黑龙江外国语学院,203,无专业组映射
黑龙江外国语学院,204,无专业组映射
黑龙江外国语学院,205,无专业组映射
黑龙江外国语学院,206,无专业组映射
黑龙江外国语学院,201,无专业组映射
黑龙江外国语学院,202,无专业组映射
黑龙江工商学院,205,无专业组映射
黑龙江工商学院,206,无专业组映射
黑龙江工商学院,204,无专业组映射
哈尔滨远东理工学院,202,无专业组映射
哈尔滨华德学院,205,无专业组映射
哈尔滨华德学院,206,无专业组映射
哈尔滨华德学院,204,无专业组映射
山东协和学院,208,无专业组映射
山东协和学院,209,无专业组映射
山东协和学院,210,无专业组映射
山东协和学院,211,无专业组映射
山东协和学院,206,无专业组映射
山东协和学院,207,无专业组映射
滇池学院,209,无专业组映射
滇池学院,210,无专业组映射
滇池学院,211,无专业组映射
滇池学院,207,无专业组映射
滇池学院,208,无专业组映射
丽江文化旅游学院,209,无专业组映射
丽江文化旅游学院,210,无专业组映射
丽江文化旅游学院,206,无专业组映射
丽江文化旅游学院,207,无专业组映射
丽江文化旅游学院,208,无专业组映射
昆明城市学院,211,无专业组映射
昆明城市学院,212,无专业组映射
昆明城市学院,209,无专业组映射
昆明医科大学海源学院,204,无专业组映射
昆明医科大学海源学院,203,无专业组映射
烟台理工学院,204,无专业组映射
烟台理工学院,203,无专业组映射
青岛城市学院,205,无专业组映射
青岛城市学院,204,无专业组映射
山东石油化工学院,205,无专业组映射
山东石油化工学院,206,无专业组映射
山东石油化工学院,204,无专业组映射
河北外国语学院,205,无专业组映射
河北外国语学院,204,无专业组映射
华北理工大学轻工学院,204,无专业组映射
华北理工大学轻工学院,203,无专业组映射
河北医科大学临床学院,206,无专业组映射
河北医科大学临床学院,207,无专业组映射
河北医科大学临床学院,208,无专业组映射
河北医科大学临床学院,205,无专业组映射
江西服装学院,209,无专业组映射
江西服装学院,210,无专业组映射
江西服装学院,208,无专业组映射
南昌职业大学,210,无专业组映射
南昌职业大学,209,无专业组映射
南昌工学院,"育
206",无专业组映射
南昌工学院,207,无专业组映射
南昌工学院,205,无专业组映射
南昌大学科学技术学院,205,无专业组映射
南昌大学科学技术学院,206,无专业组映射
南昌大学科学技术学院,"育
204",无专业组映射
"教
南昌交通学院",212,无专业组映射
赣东学院,207,无专业组映射
赣东学院,208,无专业组映射
南昌航空大学科技学院,214,无专业组映射
南昌航空大学科技学院,216,无专业组映射
南昌航空大学科技学院,217,无专业组映射
南昌航空大学科技学院,211,无专业组映射
南昌航空大学科技学院,212,无专业组映射
南昌航空大学科技学院,213,无专业组映射
"省
南昌航空大学科技学院",215,无专业组映射
赣南科技学院,212,无专业组映射
赣南科技学院,214,无专业组映射
赣南科技学院,215,无专业组映射
赣南科技学院,216,无专业组映射
赣南科技学院,211,无专业组映射
"东
赣南科技学院",213,无专业组映射
"广
江西农业大学南昌商学院",215,无专业组映射
江西农业大学南昌商学院,216,无专业组映射
江西农业大学南昌商学院,217,无专业组映射
江西农业大学南昌商学院,218,无专业组映射
江西农业大学南昌商学院,219,无专业组映射
江西农业大学南昌商学院,211,无专业组映射
江西农业大学南昌商学院,213,无专业组映射
江西农业大学南昌商学院,214,无专业组映射
南昌医学院,208,无专业组映射
南昌医学院,209,无专业组映射
南昌医学院,210,无专业组映射
南昌医学院,211,无专业组映射
南昌医学院,212,无专业组映射
南昌医学院,213,无专业组映射
南昌医学院,214,无专业组映射
南昌医学院,215,无专业组映射
南昌医学院,216,无专业组映射
南昌医学院,206,无专业组映射
江西师范大学科学技术学院,209,无专业组映射
江西师范大学科学技术学院,210,无专业组映射
江西师范大学科学技术学院,211,无专业组映射
江西师范大学科学技术学院,207,无专业组映射
江西师范大学科学技术学院,208,无专业组映射
赣南师范大学科技学院,219,无专业组映射
赣南师范大学科技学院,220,无专业组映射
赣南师范大学科技学院,221,无专业组映射
赣南师范大学科技学院,222,无专业组映射
赣南师范大学科技学院,223,无专业组映射
赣南师范大学科技学院,215,无专业组映射
赣南师范大学科技学院,216,无专业组映射
赣南师范大学科技学院,217,无专业组映射
赣南师范大学科技学院,218,无专业组映射
南昌应用技术师范学院,209,无专业组映射
南昌应用技术师范学院,206,无专业组映射
南昌应用技术师范学院,207,无专业组映射
南昌应用技术师范学院,208,无专业组映射
江西财经大学现代经济管理学院,209,无专业组映射
江西财经大学现代经济管理学院,210,无专业组映射
江西财经大学现代经济管理学院,207,无专业组映射
江西财经大学现代经济管理学院,208,无专业组映射
江西财经大学现代经济管理学院(联合培养),213,无专业组映射
江西财经大学现代经济管理学院(联合培养),212,无专业组映射
阳光学院,206,无专业组映射
阳光学院,205,无专业组映射
阳光学院(中外合作办学),207,无专业组映射
厦门大学嘉庚学院,211,无专业组映射
厦门大学嘉庚学院,212,无专业组映射
厦门大学嘉庚学院,213,无专业组映射
厦门大学嘉庚学院,209,无专业组映射
厦门大学嘉庚学院,210,无专业组映射
福州大学至诚学院,208,无专业组映射
福州大学至诚学院,209,无专业组映射
福州大学至诚学院,210,无专业组映射
福州大学至诚学院,206,无专业组映射
福州大学至诚学院,207,无专业组映射
集美大学诚毅学院,209,无专业组映射
集美大学诚毅学院,"育
210",无专业组映射
集美大学诚毅学院,207,无专业组映射
集美大学诚毅学院,208,无专业组映射
福建师范大学协和学院,204,无专业组映射
福建师范大学协和学院,205,无专业组映射
福建师范大学协和学院,203,无专业组映射
郑州财经学院,205,无专业组映射
郑州财经学院,204,无专业组映射
"教
郑州财经学院",206,无专业组映射
商丘工学院,202,无专业组映射
河南开封科技传媒学院,202,无专业组映射
信阳学院,204,无专业组映射
信阳学院,203,无专业组映射
"省
豫北医学院",203,无专业组映射
豫北医学院,204,无专业组映射
兰州工商学院,204,无专业组映射
兰州工商学院,203,无专业组映射
兰州博文科技学院,204,无专业组映射
兰州博文科技学院,203,无专业组映射
"东
北海艺术设计学院",208,无专业组映射
山西工学院,202,无专业组映射
山西电子科技学院,203,无专业组映射
山西电子科技学院,204,无专业组映射
"广
山西晋中理工学院",204,无专业组映射
新疆理工学院,211,无专业组映射
新疆理工学院,212,无专业组映射
新疆理工学院,213,无专业组映射
新疆理工学院,214,无专业组映射
新疆理工学院,209,无专业组映射
新疆理工学院,210,无专业组映射
新疆第二医学院,206,无专业组映射
新疆第二医学院,207,无专业组映射
新疆第二医学院,208,无专业组映射
新疆第二医学院,205,无专业组映射
新疆科技学院,207,无专业组映射
新疆科技学院,208,无专业组映射
新疆科技学院,209,无专业组映射
新疆科技学院,210,无专业组映射
新疆科技学院,206,无专业组映射
无锡太湖学院,206,无专业组映射
无锡太湖学院,207,无专业组映射
无锡太湖学院,208,无专业组映射
无锡太湖学院,"育
205",无专业组映射
河北工程大学科信学院,205,无专业组映射
河北工程大学科信学院,206,无专业组映射
河北工程大学科信学院,204,无专业组映射
中国矿业大学徐海学院,207,无专业组映射
中国矿业大学徐海学院,208,无专业组映射
中国矿业大学徐海学院,205,无专业组映射
中国矿业大学徐海学院,206,无专业组映射
重庆外语外事学院,207,无专业组映射
重庆外语外事学院,208,无专业组映射
重庆外语外事学院,206,无专业组映射
重庆对外经贸学院,207,无专业组映射
重庆对外经贸学院,208,无专业组映射
重庆对外经贸学院,205,无专业组映射
重庆对外经贸学院,206,无专业组映射
重庆财经学院,207,无专业组映射
重庆财经学院,208,无专业组映射
石家庄铁道大学四方学院,206,无专业组映射
石家庄铁道大学四方学院,204,无专业组映射
河北地质大学华信学院,205,无专业组映射
河北地质大学华信学院,206,无专业组映射
河北地质大学华信学院,204,无专业组映射
山西科技学院,206,无专业组映射
长春电子科技学院,204,无专业组映射
长春电子科技学院,203,无专业组映射
长春财经学院,204,无专业组映射
长春财经学院,203,无专业组映射
吉林建筑科技学院,203,无专业组映射
吉林建筑科技学院,204,无专业组映射
长春科技学院,203,无专业组映射
长春科技学院,204,无专业组映射
辽宁中医药大学杏林学院,"育
202",无专业组映射
辽宁何氏医学院,202,无专业组映射
蚌埠工商学院,204,无专业组映射
蚌埠工商学院,203,无专业组映射
安徽信息工程学院,202,无专业组映射
"教
马鞍山学院",204,无专业组映射
合肥城市学院,204,无专业组映射
合肥城市学院,203,无专业组映射
安徽医科大学临床医学院,202,无专业组映射
阜阳理工学院,202,无专业组映射
"省
吉林师范大学博达学院",208,无专业组映射
昆明文理学院,210,无专业组映射
昆明文理学院,211,无专业组映射
昆明文理学院,208,无专业组映射
昆明文理学院,209,无专业组映射
昆明理工大学津桥学院,209,无专业组映射
昆明理工大学津桥学院,211,无专业组映射
昆明理工大学津桥学院,212,无专业组映射
昆明理工大学津桥学院,207,无专业组映射
昆明理工大学津桥学院,208,无专业组映射
"东
昆明理工大学津桥学院",210,无专业组映射
重庆移通学院,205,无专业组映射
重庆移通学院,204,无专业组映射
"广
重庆移通学院",206,无专业组映射
新疆政法学院,211,无专业组映射
新疆政法学院,212,无专业组映射
新疆政法学院,213,无专业组映射
新疆政法学院,214,无专业组映射
新疆政法学院,208,无专业组映射
新疆政法学院,209,无专业组映射
新疆政法学院,210,无专业组映射
大连东软信息学院,203,无专业组映射
大连东软信息学院,204,无专业组映射
上海视觉艺术学院,212,无专业组映射
上海视觉艺术学院,211,无专业组映射
武汉学院,205,无专业组映射
武汉学院,204,无专业组映射
上海外国语大学贤达经济人文学院,204,无专业组映射
上海外国语大学贤达经济人文学院,203,无专业组映射
上海外国语大学贤达经济人文学院,205,无专业组映射
柳州工学院,205,无专业组映射
柳州工学院,204,无专业组映射
广西民族大学相思湖学院,205,无专业组映射
广西民族大学相思湖学院,206,无专业组映射
广西民族大学相思湖学院,204,无专业组映射
桂林学院,207,无专业组映射
桂林学院,208,无专业组映射
桂林学院,206,无专业组映射
南宁师范大学师园学院,205,无专业组映射
南宁师范大学师园学院,206,无专业组映射
南宁师范大学师园学院,204,无专业组映射
广西中医药大学赛恩斯新医药学院,206,无专业组映射
广西中医药大学赛恩斯新医药学院,207,无专业组映射
广西中医药大学赛恩斯新医药学院,208,无专业组映射
桂林信息科技学院,210,无专业组映射
桂林信息科技学院,211,无专业组映射
桂林信息科技学院,212,无专业组映射
桂林信息科技学院,208,无专业组映射
桂林信息科技学院,209,无专业组映射
南宁理工学院,208,无专业组映射
南宁理工学院,209,无专业组映射
南宁理工学院,207,无专业组映射
贵阳信息科技学院,205,无专业组映射
贵阳信息科技学院,206,无专业组映射
贵阳信息科技学院,204,无专业组映射
贵阳人文科技学院,206,无专业组映射
贵阳人文科技学院,205,无专业组映射
遵义医科大学医学与科技学院,202,无专业组映射
南京理工大学紫金学院,205,无专业组映射
南京理工大学紫金学院,206,无专业组映射
南京理工大学紫金学院,204,无专业组映射
南京航空航天大学金城学院,214,无专业组映射
南京航空航天大学金城学院,215,无专业组映射
南京航空航天大学金城学院,216,无专业组映射
南京航空航天大学金城学院,211,无专业组映射
南京航空航天大学金城学院,212,无专业组映射
南京航空航天大学金城学院,213,无专业组映射
广州华立学院,201,无专业组映射
广州华立学院,"育
202",无专业组映射
广州华立学院,204,无专业组映射
广州华立学院,205,无专业组映射
广州华立学院,207,无专业组映射
广州华立学院,208,无专业组映射
广州华立学院,210,无专业组映射
广州华立学院,211,无专业组映射
广州华立学院(联合培养),203,无专业组映射
广州华立学院(联合培养),"育
209",无专业组映射
"教
广州华立学院",206,无专业组映射
广州应用科技学院,213,无专业组映射
广州应用科技学院,214,无专业组映射
广州应用科技学院,216,无专业组映射
广州应用科技学院,217,无专业组映射
广州应用科技学院,218,无专业组映射
广州应用科技学院,220,无专业组映射
广州应用科技学院,221,无专业组映射
广州应用科技学院,224,无专业组映射
广州应用科技学院,202,无专业组映射
广州应用科技学院,204,无专业组映射
广州应用科技学院,205,无专业组映射
广州应用科技学院,206,无专业组映射
广州应用科技学院,208,无专业组映射
"省
广州应用科技学院",215,无专业组映射
"省
广州应用科技学院",207,无专业组映射
"东
广州应用科技学院",219,无专业组映射
广州应用科技学院(校企联合培养),222,无专业组映射
"广
广州应用科技学院",223,无专业组映射
广州应用科技学院(联合培养),225,无专业组映射
广州应用科技学院(联合培养),226,无专业组映射
广州应用科技学院(联合培养),209,无专业组映射
天津商业大学宝德学院,216,无专业组映射
天津商业大学宝德学院,217,无专业组映射
天津商业大学宝德学院,218,无专业组映射
天津商业大学宝德学院,219,无专业组映射
天津商业大学宝德学院,212,无专业组映射
天津商业大学宝德学院,213,无专业组映射
天津商业大学宝德学院,214,无专业组映射
天津商业大学宝德学院,215,无专业组映射
天津医科大学临床医学院,206,无专业组映射
天津医科大学临床医学院,207,无专业组映射
天津医科大学临床医学院,208,无专业组映射
天津医科大学临床医学院,205,无专业组映射
长春人文学院,207,无专业组映射
长春人文学院,208,无专业组映射
长春人文学院,206,无专业组映射
电子科技大学成都学院,208,无专业组映射
电子科技大学成都学院,209,无专业组映射
电子科技大学成都学院,207,无专业组映射
武汉华夏理工学院,206,无专业组映射
武汉华夏理工学院,207,无专业组映射
武汉华夏理工学院,205,无专业组映射
广州商学院,204,无专业组映射
广州商学院,205,无专业组映射
广州商学院,208,无专业组映射
广州商学院,201,无专业组映射
广州商学院,203,无专业组映射
广州商学院(中外合作办学),206,无专业组映射
广州商学院(中外合作办学),202,无专业组映射
广州商学院(联合培养),207,无专业组映射
成都理工大学工程技术学院,204,无专业组映射
成都理工大学工程技术学院,203,无专业组映射
四川传媒学院,215,无专业组映射
四川传媒学院,216,无专业组映射
四川传媒学院,214,无专业组映射
四川传媒学院,217,无专业组映射
成都银杏酒店管理学院,205,无专业组映射
成都银杏酒店管理学院,206,无专业组映射
成都银杏酒店管理学院,204,无专业组映射
成都外国语学院,205,无专业组映射
成都外国语学院,204,无专业组映射
西北大学现代学院,210,无专业组映射
西北大学现代学院,209,无专业组映射
西安建筑科技大学华清学院,202,无专业组映射
西安工商学院,205,无专业组映射
西安工商学院,206,无专业组映射
西安工商学院,204,无专业组映射
珠海科技学院,208,无专业组映射
珠海科技学院,209,无专业组映射
珠海科技学院,210,无专业组映射
珠海科技学院,207,无专业组映射
武汉传媒学院,"育
214",无专业组映射
武汉传媒学院,215,无专业组映射
武汉传媒学院,213,无专业组映射
南京传媒学院,215,无专业组映射
成都医学院,202,无专业组映射
"教
广州工商学院",211,无专业组映射
广州工商学院,212,无专业组映射
广州工商学院,213,无专业组映射
广州工商学院,214,无专业组映射
广州工商学院,217,无专业组映射
广州工商学院,218,无专业组映射
广州工商学院,220,无专业组映射
广州工商学院,221,无专业组映射
广州工商学院,222,无专业组映射
广州工商学院,201,无专业组映射
广州工商学院,202,无专业组映射
广州工商学院,203,无专业组映射
广州工商学院,204,无专业组映射
广州工商学院,205,无专业组映射
广州工商学院,206,无专业组映射
"省
广州工商学院",215,无专业组映射
广州工商学院(国际班),216,无专业组映射
"东
广州工商学院",219,无专业组映射
"广
广州工商学院(中外合作办学-联合培养)",223,无专业组映射
广州科技职业技术大学,203,无专业组映射
广州科技职业技术大学,201,无专业组映射
广州科技职业技术大学(校企联合培养),208,无专业组映射
广州科技职业技术大学(校企联合培养),210,无专业组映射
广州科技职业技术大学(校企联合培养),209,无专业组映射
广东科技学院,205,无专业组映射
广东科技学院,206,无专业组映射
广东科技学院,207,无专业组映射
广东科技学院,211,无专业组映射
广东科技学院,201,无专业组映射
广东科技学院,204,无专业组映射
广东科技学院(联合培养),208,无专业组映射
广东科技学院(联合培养),209,无专业组映射
广东科技学院(联合培养),210,无专业组映射
广东科技学院(联合培养),"育
202",无专业组映射
广东科技学院(联合培养),203,无专业组映射
广东理工学院,204,无专业组映射
广东理工学院,205,无专业组映射
广东理工学院,206,无专业组映射
广东理工学院,207,无专业组映射
广东理工学院,208,无专业组映射
广东理工学院,209,无专业组映射
广东理工学院,201,无专业组映射
广东理工学院,203,无专业组映射
广东理工学院,212,无专业组映射
广东工商职业技术大学,201,无专业组映射
广东工商职业技术大学,202,无专业组映射
广东工商职业技术大学,209,无专业组映射
广东工商职业技术大学,210,无专业组映射
广东工商职业技术大学,211,无专业组映射
广东工商职业技术大学,203,无专业组映射
新疆天山职业技术大学,204,无专业组映射
新疆天山职业技术大学,203,无专业组映射
黑河学院,209,无专业组映射
黑河学院,210,无专业组映射
黑河学院,212,无专业组映射
黑河学院,207,无专业组映射
福州外语外贸学院,207,无专业组映射
福州外语外贸学院,208,无专业组映射
福州外语外贸学院,206,无专业组映射
泉州信息工程学院(联合培养),208,无专业组映射
泉州信息工程学院,209,无专业组映射
泉州信息工程学院,211,无专业组映射
泉州信息工程学院,207,无专业组映射
泉州信息工程学院(中外合作办学),210,无专业组映射
福州理工学院,203,无专业组映射
福州理工学院,204,无专业组映射
豫章师范学院(学分互认),213,无专业组映射
豫章师范学院(学分互认),"育
214",无专业组映射
江西软件职业技术大学,206,无专业组映射
江西软件职业技术大学,204,无专业组映射
江西软件职业技术大学,205,无专业组映射
长沙师范学院,205,无专业组映射
长沙师范学院,206,无专业组映射
长沙师范学院,204,无专业组映射
"教
湖南应用技术学院",206,无专业组映射
肇庆医学院,201,无专业组映射
肇庆医学院,202,无专业组映射
肇庆医学院,203,无专业组映射
肇庆医学院,205,无专业组映射
"省
肇庆医学院",204,无专业组映射
琼台师范学院,215,无专业组映射
琼台师范学院,217,无专业组映射
琼台师范学院,212,无专业组映射
琼台师范学院,213,无专业组映射
琼台师范学院(中外合作办学),216,无专业组映射
琼台师范学院(中外合作办学),214,无专业组映射
"东
四川工业科技学院",204,无专业组映射
广西外国语学院,207,无专业组映射
广西外国语学院,208,无专业组映射
广西外国语学院,206,无专业组映射
南京理工大学泰州科技学院,203,无专业组映射
"广
南京理工大学泰州科技学院",204,无专业组映射
东莞城市学院(联合培养),212,无专业组映射
东莞城市学院(联合培养),213,无专业组映射
东莞城市学院(联合培养),202,无专业组映射
东莞城市学院,214,无专业组映射
东莞城市学院,215,无专业组映射
东莞城市学院,216,无专业组映射
东莞城市学院,217,无专业组映射
东莞城市学院,218,无专业组映射
东莞城市学院,203,无专业组映射
东莞城市学院,204,无专业组映射
东莞城市学院,205,无专业组映射
三亚学院,219,无专业组映射
三亚学院,220,无专业组映射
三亚学院,222,无专业组映射
三亚学院,223,无专业组映射
三亚学院,224,无专业组映射
三亚学院,215,无专业组映射
三亚学院,216,无专业组映射
三亚学院,218,无专业组映射
三亚学院,225,无专业组映射
三亚学院,226,无专业组映射
三亚学院(中外合作办学),221,无专业组映射
三亚学院(中外合作办学),217,无专业组映射
上海师范大学天华学院,203,无专业组映射
上海师范大学天华学院,204,无专业组映射
西安明德理工学院,205,无专业组映射
西安明德理工学院,206,无专业组映射
西安明德理工学院,204,无专业组映射
天津理工大学中环信息学院,205,无专业组映射
天津理工大学中环信息学院,206,无专业组映射
天津理工大学中环信息学院,204,无专业组映射
北京科技大学天津学院,212,无专业组映射
北京科技大学天津学院,213,无专业组映射
北京科技大学天津学院,214,无专业组映射
北京科技大学天津学院,210,无专业组映射
北京科技大学天津学院,211,无专业组映射
北京中医药大学东方学院,211,无专业组映射
北京中医药大学东方学院,212,无专业组映射
北京中医药大学东方学院,214,无专业组映射
北京中医药大学东方学院,"育
208",无专业组映射
北京中医药大学东方学院,209,无专业组映射
北京中医药大学东方学院,210,无专业组映射
广州新华学院,203,无专业组映射
广州新华学院,204,无专业组映射
广州新华学院,206,无专业组映射
广州新华学院,202,无专业组映射
成都锦城学院,208,无专业组映射
成都锦城学院,209,无专业组映射
成都锦城学院,207,无专业组映射
南京工业大学浦江学院,205,无专业组映射
南京工业大学浦江学院,206,无专业组映射
南京工业大学浦江学院,204,无专业组映射
南京师范大学中北学院,207,无专业组映射
南京师范大学中北学院,208,无专业组映射
南京师范大学中北学院,"育
209",无专业组映射
广西城市职业大学,205,无专业组映射
广西城市职业大学,204,无专业组映射
湖南交通工程学院,206,无专业组映射
湖南交通工程学院,207,无专业组映射
"教
湖南交通工程学院",208,无专业组映射
湖南软件职业技术大学,202,无专业组映射
湖南汽车工程职业大学,202,无专业组映射
辽宁传媒学院,205,无专业组映射
辽宁传媒学院,204,无专业组映射
"省
南京医科大学康达学院",211,无专业组映射
南京医科大学康达学院,212,无专业组映射
南京医科大学康达学院,213,无专业组映射
南京医科大学康达学院,214,无专业组映射
南京医科大学康达学院,209,无专业组映射
南京医科大学康达学院,210,无专业组映射
"东
无锡学院",209,无专业组映射
无锡学院,210,无专业组映射
无锡学院,211,无专业组映射
无锡学院,208,无专业组映射
无锡学院(中外合作办学),212,无专业组映射
"广
苏州城市学院",206,无专业组映射
"广
苏州城市学院",204,无专业组映射
苏州大学应用技术学院,205,无专业组映射
苏州大学应用技术学院,206,无专业组映射
苏州大学应用技术学院,204,无专业组映射
苏州科技大学天平学院,203,无专业组映射
苏州科技大学天平学院,204,无专业组映射
江苏大学京江学院,205,无专业组映射
江苏大学京江学院,206,无专业组映射
江苏大学京江学院,204,无专业组映射
江苏大学京江学院,207,无专业组映射
扬州大学广陵学院,208,无专业组映射
扬州大学广陵学院,209,无专业组映射
扬州大学广陵学院,210,无专业组映射
扬州大学广陵学院,206,无专业组映射
扬州大学广陵学院,207,无专业组映射
江苏师范大学科文学院,209,无专业组映射
江苏师范大学科文学院,210,无专业组映射
江苏师范大学科文学院,211,无专业组映射
江苏师范大学科文学院,207,无专业组映射
江苏师范大学科文学院,208,无专业组映射
南京邮电大学通达学院,203,无专业组映射
南京邮电大学通达学院,204,无专业组映射
南京财经大学红山学院,204,无专业组映射
南京财经大学红山学院,203,无专业组映射
江苏科技大学苏州理工学院,205,无专业组映射
江苏科技大学苏州理工学院,206,无专业组映射
江苏科技大学苏州理工学院,204,无专业组映射
常州大学怀德学院,205,无专业组映射
常州大学怀德学院,206,无专业组映射
常州大学怀德学院,204,无专业组映射
南通大学杏林学院,203,无专业组映射
南通大学杏林学院,204,无专业组映射
南京审计大学金审学院,208,无专业组映射
南京审计大学金审学院,210,无专业组映射
南京审计大学金审学院,206,无专业组映射
青岛工学院,209,无专业组映射
青岛工学院,211,无专业组映射
青岛工学院,212,无专业组映射
青岛工学院,207,无专业组映射
青岛工学院,208,无专业组映射
齐鲁理工学院,203,无专业组映射
烟台科技学院,204,无专业组映射
烟台科技学院,203,无专业组映射
西安信息职业大学,202,无专业组映射
西南财经大学天府学院,204,无专业组映射
西南财经大学天府学院,203,无专业组映射
天津仁爱学院,211,无专业组映射
天津仁爱学院,212,无专业组映射
天津仁爱学院,213,无专业组映射
天津仁爱学院,208,无专业组映射
天津仁爱学院,209,无专业组映射
天津仁爱学院,210,无专业组映射
四川大学锦江学院,216,无专业组映射
四川大学锦江学院,"育
217",无专业组映射
四川大学锦江学院,218,无专业组映射
四川大学锦江学院,214,无专业组映射
西安科技大学高新学院(国际班),206,无专业组映射
西安科技大学高新学院(中外合作办学),207,无专业组映射
"教
四川文化艺术学院",214,无专业组映射
福建农林大学金山学院(中外合作办学),204,无专业组映射
福建农林大学金山学院(中外合作办学),203,无专业组映射
天津财经大学珠江学院,204,无专业组映射
天津财经大学珠江学院,203,无专业组映射
湖北第二师范学院,207,无专业组映射
湖北第二师范学院,205,无专业组映射
"省
湖北第二师范学院(中外合作办学)",208,无专业组映射
太原工业学院,204,无专业组映射
太原工业学院,205,无专业组映射
民政职业大学,208,无专业组映射
民政职业大学,210,无专业组映射
民政职业大学,206,无专业组映射
民政职业大学,"育
207",无专业组映射
"东
民政职业大学",209,无专业组映射
宿迁学院,206,无专业组映射
宿迁学院,207,无专业组映射
宿迁学院,205,无专业组映射
"广
宿迁学院",208,无专业组映射
海南科技职业大学,204,无专业组映射
海南科技职业大学,203,无专业组映射
沧州交通学院,209,无专业组映射
沧州交通学院,210,无专业组映射
沧州交通学院,211,无专业组映射
沧州交通学院,212,无专业组映射
沧州交通学院,208,无专业组映射
皖江工学院,202,无专业组映射
上海财经大学浙江学院,205,无专业组映射
上海财经大学浙江学院,206,无专业组映射
上海财经大学浙江学院,204,无专业组映射
贵州师范学院,204,无专业组映射
贵州师范学院,203,无专业组映射
河北东方学院,207,无专业组映射
河北东方学院,208,无专业组映射
河北东方学院,209,无专业组映射
河北东方学院,210,无专业组映射
运城职业技术大学,207,无专业组映射
运城职业技术大学,208,无专业组映射
运城职业技术大学,205,无专业组映射
运城职业技术大学,206,无专业组映射
西南交通大学希望学院,202,无专业组映射
齐鲁师范学院,203,无专业组映射
齐鲁师范学院(中外合作办学),204,无专业组映射
山东青年政治学院,205,无专业组映射
山东青年政治学院,206,无专业组映射
广东第二师范学院,201,无专业组映射
广东第二师范学院,202,无专业组映射
广东第二师范学院,203,无专业组映射
广东第二师范学院,204,无专业组映射
广东第二师范学院,206,无专业组映射
广东第二师范学院,207,无专业组映射
广东第二师范学院,208,无专业组映射
广东第二师范学院,210,无专业组映射
广东第二师范学院,215,无专业组映射
广东第二师范学院,211,无专业组映射
广东第二师范学院,212,无专业组映射
广东第二师范学院,213,无专业组映射
广东第二师范学院,216,无专业组映射
广东第二师范学院(学分互认),226,无专业组映射
广东第二师范学院(学分互认),227,无专业组映射
广东第二师范学院(学分互认),228,无专业组映射
广东第二师范学院(学分互认),229,无专业组映射
广东第二师范学院(学分互认),230,无专业组映射
广东第二师范学院(学分互认),231,无专业组映射
广东第二师范学院(学分互认),232,无专业组映射
广东第二师范学院(学分互认),233,无专业组映射
广东第二师范学院(学分互认),234,无专业组映射
广东第二师范学院(学分互认),235,无专业组映射
南方科技大学,"育
201",无专业组映射
南方科技大学(中外合作办学),202,无专业组映射
青岛电影学院,211,无专业组映射
青岛电影学院,210,无专业组映射
成都师范学院,211,无专业组映射
成都师范学院,213,无专业组映射
成都师范学院,214,无专业组映射
成都师范学院,209,无专业组映射
成都师范学院,210,无专业组映射
"教
成都师范学院",212,无专业组映射
四川电影电视学院,214,无专业组映射
四川电影电视学院,213,无专业组映射
"省
四川电影电视学院",215,无专业组映射
中国科学院大学,202,无专业组映射
河北中医药大学,203,无专业组映射
河北中医药大学,204,无专业组映射
河北中医药大学,206,无专业组映射
河北中医药大学,207,无专业组映射
"东
河北中医药大学",205,无专业组映射
山西传媒学院,209,无专业组映射
山西传媒学院,207,无专业组映射
"广
山西传媒学院",210,无专业组映射
南昌师范学院,211,无专业组映射
南昌师范学院,212,无专业组映射
南昌师范学院,213,无专业组映射
南昌师范学院,214,无专业组映射
南昌师范学院,209,无专业组映射
南昌师范学院,210,无专业组映射
贵州理工学院,202,无专业组映射
贵州理工学院,203,无专业组映射
贵州理工学院,204,无专业组映射
山西工程技术学院,205,无专业组映射
山西工程技术学院,206,无专业组映射
山西工程技术学院,204,无专业组映射
中国社会科学院大学,208,无专业组映射
中国社会科学院大学,205,无专业组映射
中国社会科学院大学,206,无专业组映射
中国社会科学院大学,207,无专业组映射
滇西应用技术大学,204,无专业组映射
滇西应用技术大学,205,无专业组映射
滇西应用技术大学,203,无专业组映射
茅台学院,204,无专业组映射
茅台学院,205,无专业组映射
茅台学院,206,无专业组映射
茅台学院,207,无专业组映射
茅台学院,208,无专业组映射
郑州西亚斯学院(中外合作办学),208,无专业组映射
郑州西亚斯学院(中外合作办学),206,无专业组映射
郑州西亚斯学院,209,无专业组映射
郑州西亚斯学院,207,无专业组映射
深圳技术大学,201,无专业组映射
深圳技术大学,202,无专业组映射
深圳技术大学,203,无专业组映射
海南比勒费尔德应用科学大学(中外合作办学),204,无专业组映射
海南比勒费尔德应用科学大学(中外合作办学),205,无专业组映射
重庆中医药学院,204,无专业组映射
重庆中医药学院,203,无专业组映射
香港城市大学(东莞)(内地香港合作办学),201,无专业组映射
深圳理工大学,201,无专业组映射
青海理工学院,204,无专业组映射
青海理工学院,205,无专业组映射
大湾区大学,201,无专业组映射
河北石油职业技术大学,204,无专业组映射
河北石油职业技术大学,203,无专业组映射
河北科技工程职业技术大学,205,无专业组映射
河北科技工程职业技术大学,206,无专业组映射
河北科技工程职业技术大学,204,无专业组映射
河北工业职业技术大学,205,无专业组映射
河北工业职业技术大学,"育
206",无专业组映射
河北工业职业技术大学,207,无专业组映射
河北工业职业技术大学,208,无专业组映射
河北工业职业技术大学,209,无专业组映射
河北工业职业技术大学,204,无专业组映射
"教
广西农业职业技术大学",204,无专业组映射
贵阳康养职业大学,205,无专业组映射
贵阳康养职业大学,206,无专业组映射
贵阳康养职业大学,204,无专业组映射
兰州资源环境职业技术大学,203,无专业组映射
"省
兰州资源环境职业技术大学",204,无专业组映射
兰州石化职业技术大学,202,无专业组映射
宁波诺丁汉大学(中外合作办学),207,无专业组映射
宁波诺丁汉大学(中外合作办学),208,无专业组映射
宁波诺丁汉大学(中外合作办学),205,无专业组映射
宁波诺丁汉大学(中外合作办学),206,无专业组映射
"东
西交利物浦大学(中外合作办学)",205,无专业组映射
西交利物浦大学(中外合作办学),206,无专业组映射
西交利物浦大学(中外合作办学),204,无专业组映射
北师香港浸会大学(内地香港合作办学),202,无专业组映射
北师香港浸会大学(内地香港合作办学),203,无专业组映射
北师香港浸会大学(内地香港合作办学),201,无专业组映射
"广
温州肯恩大学(中外合作办学)",205,无专业组映射
温州肯恩大学(中外合作办学),206,无专业组映射
温州肯恩大学(中外合作办学),"育
204",无专业组映射
深圳北理莫斯科大学(中外合作办学),201,无专业组映射
深圳北理莫斯科大学(中外合作办学),202,无专业组映射
深圳北理莫斯科大学(中外合作办学),203,无专业组映射
深圳北理莫斯科大学(中外合作办学),204,无专业组映射
广东以色列理工学院(中外合作办学),201,无专业组映射
哈尔滨工业大学(深圳),203,无专业组映射
哈尔滨工业大学(深圳),201,无专业组映射
哈尔滨工业大学(深圳)(中外合作办学),204,无专业组映射
北京大学医学部,206,无专业组映射
北京大学医学部,207,无专业组映射
北京大学医学部,208,无专业组映射
北京大学医学部,209,无专业组映射
北京大学医学部,205,无专业组映射
中国人民大学(苏州校区)(中外合作办学),205,无专业组映射
中国人民大学(苏州校区)(中外合作办学),206,无专业组映射
北京交通大学(威海校区)(中外合作办学),206,无专业组映射
北京交通大学(威海校区)(中外合作办学),207,无专业组映射
北京交通大学(威海校区)(中外合作办学),208,无专业组映射
北京交通大学(威海校区)(中外合作办学),205,无专业组映射
北京师范大学(珠海校区),210,无专业组映射
北京师范大学(珠海校区),211,无专业组映射
北京师范大学(珠海校区),208,无专业组映射
大连理工大学(盘锦校区),205,无专业组映射
大连理工大学(盘锦校区),206,无专业组映射
大连理工大学(盘锦校区)(中外合作办学),207,无专业组映射
东北大学秦皇岛分校,210,无专业组映射
东北大学秦皇岛分校,211,无专业组映射
东北大学秦皇岛分校,212,无专业组映射
东北大学秦皇岛分校,208,无专业组映射
东北大学秦皇岛分校(中外合作办学),214,无专业组映射
哈尔滨工业大学(威海),203,无专业组映射
哈尔滨工业大学(威海),206,无专业组映射
哈尔滨工业大学(威海)(中外合作办学),204,无专业组映射
复旦大学医学院,202,无专业组映射
复旦大学医学院,203,无专业组映射
上海交通大学医学院,202,无专业组映射
上海交通大学医学院(联合办学),203,无专业组映射
浙江大学医学院,202,无专业组映射
合肥工业大学(宣城校区),210,无专业组映射
合肥工业大学(宣城校区),"育
211",无专业组映射
合肥工业大学(宣城校区),208,无专业组映射
合肥工业大学(宣城校区),209,无专业组映射
中国石油大学(北京)克拉玛依校区,205,无专业组映射
中国石油大学(北京)克拉玛依校区,206,无专业组映射
山东大学威海分校,206,无专业组映射
山东大学威海分校,208,无专业组映射
"教
山东大学威海分校",207,无专业组映射
电子科技大学(沙河校区),203,无专业组映射
电子科技大学(沙河校区)(中外合作办学),204,无专业组映射
"省
电子科技大学(沙河校区)(中外合作办学)",205,无专业组映射
西南大学(荣昌校区),207,无专业组映射
西南大学(荣昌校区),208,无专业组映射
西南大学(荣昌校区),209,无专业组映射
西南大学(荣昌校区),206,无专业组映射
"东
西南大学(荣昌校区)(中外合作办学)",210,无专业组映射
江西飞行学院,205,无专业组映射
江西飞行学院,206,无专业组映射
江西飞行学院,204,无专业组映射
河北环境工程学院,207,无专业组映射
河北环境工程学院,209,无专业组映射
河北环境工程学院,210,无专业组映射
河北环境工程学院,206,无专业组映射
"广
河北环境工程学院",208,无专业组映射
汕头大学医学院,211,无专业组映射
汕头大学医学院,212,无专业组映射
汕头大学医学院,213,无专业组映射
汕头大学医学院,214,无专业组映射
华南师范大学(汕尾校区),202,无专业组映射
华南师范大学(汕尾校区),203,无专业组映射
华南师范大学(汕尾校区),204,无专业组映射
华南师范大学(汕尾校区),205,无专业组映射
广东工业大学(揭阳校区),202,无专业组映射
广东工业大学(揭阳校区),201,无专业组映射
广东技术师范大学(河源校区),201,无专业组映射
广东技术师范大学(河源校区),202,无专业组映射
广东技术师范大学(河源校区),203,无专业组映射
香港珠海学院,206,无专业组映射
香港珠海学院,205,无专业组映射
陆军工程大学,201,无专业组映射
陆军工程大学,202,无专业组映射
陆军军医大学,202,无专业组映射
陆军军医大学,203,无专业组映射
北京航空航天大学,206,无专业组映射
中国农业大学(中外合作办学),206,无专业组映射
"教
北京外国语大学",211,无专业组映射
北京第二外国语学院,205,无专业组映射
北京第二外国语学院,207,无专业组映射
"省
北京第二外国语学院",206,无专业组映射
"东
北京语言大学(中外合作办学)",212,无专业组映射
"广
中国传媒大学(中外合作办学)",210,无专业组映射
中央美术学院(中外合作办学),207,无专业组映射
中央戏剧学院,204,无专业组映射
中国戏曲学院,206,无专业组映射
中国戏曲学院,207,无专业组映射
中国戏曲学院,208,无专业组映射
天津大学(中外合作办学),206,无专业组映射
"省
天津外国语大学",201,无专业组映射
"东
天津外国语大学",204,无专业组映射
"广
天津商业大学",211,无专业组映射
天津美术学院,204,无专业组映射
"教
内蒙古师范大学",209,无专业组映射
"省
辽宁大学(中外合作办学)",203,无专业组映射
"东
辽宁大学(中外合作办学)",206,无专业组映射
"广
辽宁工程技术大学",207,无专业组映射
沈阳师范大学(中外合作办学),202,无专业组映射
"教
长春工业大学",211,无专业组映射
"省
长春工业大学",215,无专业组映射
"东
东北师范大学",214,无专业组映射
"广
东北师范大学",218,无专业组映射
"教
牡丹江师范学院",209,无专业组映射
"省
哈尔滨商业大学",206,无专业组映射
"东
哈尔滨体育学院",207,无专业组映射
"广
上海交通大学",205,无专业组映射
上海海洋大学(中外合作办学),207,无专业组映射
华东政法大学,203,无专业组映射
上海音乐学院,202,无专业组映射
东南大学,207,无专业组映射
"教
江南大学",214,无专业组映射
"省
江苏大学",204,无专业组映射
"东
南通大学",213,无专业组映射
"广
中国药科大学",211,无专业组映射
绍兴文理学院,203,无专业组映射
"教
合肥工业大学",209,无专业组映射
"省
安徽中医药大学",207,无专业组映射
"东
淮北师范大学",206,无专业组映射
滁州学院,202,无专业组映射
"广
安徽财经大学",204,无专业组映射
东华理工大学(联合培养),204,无专业组映射
"教
江西师范大学",220,无专业组映射
"省
江西师范大学",224,无专业组映射
"东
上饶师范学院",216,无专业组映射
"广
宜春学院",221,无专业组映射
"教
山东师范大学",211,无专业组映射
"省
鲁东大学",204,无专业组映射
"东
菏泽学院",204,无专业组映射
山东艺术学院,209,无专业组映射
"广
河南理工大学",206,无专业组映射
"教
武汉轻工大学",207,无专业组映射
"省
武汉理工大学",215,无专业组映射
"东
华中农业大学",215,无专业组映射
"广
华中农业大学(中外合作办学)",219,无专业组映射
湖北美术学院,205,无专业组映射
"教
湖南农业大学",216,无专业组映射
"省
中南林业科技大学",209,无专业组映射
"东
湖南师范大学",224,无专业组映射
"广
湖南理工学院",213,无专业组映射
湖南文理学院,206,无专业组映射
湖南人文科技学院(中外合作办学),209,无专业组映射
暨南大学(艺术类),202,无专业组映射
"广
广东海洋大学",230,无专业组映射
"教
华南师范大学(联合培养)",217,无专业组映射
"省
韶关学院",212,无专业组映射
"东
韶关学院",215,无专业组映射
"广
韶关学院",219,无专业组映射
"教
肇庆学院",203,无专业组映射
"省
肇庆学院",207,无专业组映射
"东
肇庆学院",210,无专业组映射
"广
嘉应学院",225,无专业组映射
"省
深圳大学",206,无专业组映射
"东
广东财经大学",203,无专业组映射
"省
成都理工大学",215,无专业组映射
"东
重庆交通大学",206,无专业组映射
"广
成都信息工程大学",206,无专业组映射
成都信息工程大学(联合培养),211,无专业组映射
"教
四川外国语大学",213,无专业组映射
"省
西南财经大学(中外合作办学)",208,无专业组映射
西南政法大学,205,无专业组映射
"东
四川音乐学院(联合培养)",209,无专业组映射
四川音乐学院,223,无专业组映射
四川音乐学院,224,无专业组映射
四川音乐学院(联合培养),225,无专业组映射
"广
四川音乐学院",226,无专业组映射
贵州师范大学(学分互认),211,无专业组映射
遵义师范学院,203,无专业组映射
遵义师范学院,204,无专业组映射
云南艺术学院,212,无专业组映射
"教
云南民族大学",204,无专业组映射
"省
西藏大学",217,无专业组映射
"东
西藏大学",220,无专业组映射
"广
西北工业大学",205,无专业组映射
渭南师范学院(中外合作办学),204,无专业组映射
西安美术学院,204,无专业组映射
"教
兰州财经大学",206,无专业组映射
"省
西北民族大学",207,无专业组映射
"东
青海大学",207,无专业组映射
"广
宁夏大学",205,无专业组映射
"教
广东白云学院",222,无专业组映射
广东白云学院(国际班-联合培养),225,无专业组映射
"省
广东白云学院",226,无专业组映射
广东白云学院(联合培养),227,无专业组映射
辽宁对外经贸学院,203,无专业组映射
"东
江西科技学院",205,无专业组映射
"广
浙江万里学院",205,无专业组映射
浙江万里学院(中外合作办学),206,无专业组映射
六盘水师范学院,203,无专业组映射
六盘水师范学院,204,无专业组映射
"广
成都大学",220,无专业组映射
"教
信阳农林学院",205,无专业组映射
荆楚理工学院,204,无专业组映射
"省
仲恺农业工程学院",208,无专业组映射
"东
五邑大学",213,无专业组映射
"广
梧州学院",214,无专业组映射
攀枝花学院,203,无专业组映射
云南警官学院,202,无专业组映射
河北金融学院(中外合作办学),210,无专业组映射
南京晓庄学院,203,无专业组映射
南京晓庄学院,204,无专业组映射
"教
新余学院",205,无专业组映射
"省
湖南城市学院",209,无专业组映射
"东
湖南工业大学",207,无专业组映射
湖南女子学院,207,无专业组映射
"广
广东金融学院",212,无专业组映射
西安财经大学,204,无专业组映射
"教
海南师范大学",225,无专业组映射
"省
重庆理工大学",209,无专业组映射
"东
西安邮电大学",207,无专业组映射
"广
长春大学",208,无专业组映射
长春大学(联合培养),210,无专业组映射
"省
广东工业大学(学分互认)",266,无专业组映射
"东
广东外语外贸大学",201,无专业组映射
"广
广东外语外贸大学",205,无专业组映射
连云港师范学院,202,无专业组映射
"教
武汉生物工程学院",208,无专业组映射
"省
广东东软学院",219,无专业组映射
"广
广州城市理工学院",204,无专业组映射
广州软件学院(联合培养),218,无专业组映射
湖南农业大学东方科技学院,"育
203",无专业组映射
"教
岳阳学院",204,无专业组映射
"省
广州理工学院",203,无专业组映射
"广
郑州工业应用技术学院",204,无专业组映射
上海兴伟学院,203,无专业组映射
宁波财经学院,203,无专业组映射
西安思源学院,204,无专业组映射
武汉工程大学邮电与信息工程学院,203,无专业组映射
"教
武汉纺织大学外经贸学院",206,无专业组映射
"省
武汉工商学院",207,无专业组映射
"东
湖北恩施学院",205,无专业组映射
"广
湖北师范大学文理学院",205,无专业组映射
南昌交通学院,209,无专业组映射
南昌交通学院,210,无专业组映射
南昌交通学院,211,无专业组映射
"教
赣东学院",206,无专业组映射
"省
赣南科技学院",210,无专业组映射
"东
江西农业大学南昌商学院",212,无专业组映射
"广
南昌医学院",207,无专业组映射
北海艺术设计学院,207,无专业组映射
山西晋中理工学院,203,无专业组映射
"教
重庆外语外事学院",205,无专业组映射
"省
重庆财经学院",206,无专业组映射
"东
山西科技学院",204,无专业组映射
"广
马鞍山学院",203,无专业组映射
吉林师范大学博达学院,205,无专业组映射
吉林师范大学博达学院,206,无专业组映射
吉林师范大学博达学院,207,无专业组映射
"教
广州应用科技学院",203,无专业组映射
"东
天津外国语大学滨海外事学院",206,无专业组映射
天津外国语大学滨海外事学院,207,无专业组映射
天津外国语大学滨海外事学院,208,无专业组映射
天津外国语大学滨海外事学院,209,无专业组映射
"广
天津外国语大学滨海外事学院",210,无专业组映射
南京传媒学院(中外合作办学),214,无专业组映射
"教
广东理工学院",202,无专业组映射
"省
广东工商职业技术大学",204,无专业组映射
"东
黑河学院",208,无专业组映射
福建江夏学院,203,无专业组映射
"广
豫章师范学院(学分互认)",210,无专业组映射
豫章师范学院,211,无专业组映射
豫章师范学院,212,无专业组映射
湖南应用技术学院,204,无专业组映射
湖南应用技术学院,205,无专业组映射
四川工业科技学院,203,无专业组映射
南京师范大学泰州学院,206,无专业组映射
南京师范大学泰州学院,207,无专业组映射
南京师范大学泰州学院,208,无专业组映射
北京邮电大学世纪学院,203,无专业组映射
"教
广州新华学院",201,无专业组映射
"省
南京师范大学中北学院",206,无专业组映射
"东
南京医科大学康达学院",208,无专业组映射
苏州城市学院,205,无专业组映射
聊城大学东昌学院,202,无专业组映射
西安科技大学高新学院,205,无专业组映射
四川文化艺术学院,213,无专业组映射
合肥师范学院,203,无专业组映射
合肥师范学院,204,无专业组映射
湖北第二师范学院(中外合作办学),206,无专业组映射
北京第二外国语学院中瑞酒店管理学院,202,无专业组映射
"教
沧州交通学院",207,无专业组映射
"省
河北东方学院",206,无专业组映射
"东
山东青年政治学院",204,无专业组映射
"广
广东第二师范学院",214,无专业组映射
广西农业职业技术大学,203,无专业组映射
"教
中国人民大学(苏州校区)(中外合作办学)",204,无专业组映射
"省
东北大学秦皇岛分校",209,无专业组映射
"东
山东大学威海分校",205,无专业组映射
"广
华南师范大学(汕尾校区)",201,无专业组映射
